Episode,Reward,Loss,Duration
0,0.6913365125656128,-0.3603999614715576,74
1,0.20048688352108002,-1.4398232698440552,25
2,0.011733394116163254,-0.028913021087646484,5
3,0.048602230846881866,1.337193489074707,9
4,0.22112105786800385,-4.291837692260742,26
5,0.15116599202156067,-5.976241588592529,19
6,0.0651683583855629,-1.6711628437042236,11
7,0.3821555972099304,-6.31353759765625,44
8,0.19893039762973785,-3.8312039375305176,25
9,0.038931623101234436,-2.13023042678833,8
10,0.13113193213939667,-6.166028022766113,18
11,0.011953754350543022,0.28827333450317383,5
12,0.4906945824623108,1.3711538314819336,56
13,0.04894353076815605,-3.5580596923828125,9
14,0.1785806119441986,-8.746091842651367,22
15,0.11112887412309647,-6.7790632247924805,15
16,0.04835037142038345,2.0318350791931152,9
17,0.003255613148212433,-0.27223706245422363,4
18,0.19432099163532257,-0.22302770614624023,24
19,0.11789241433143616,3.3581862449645996,17
20,0.0032457783818244934,-0.8128371238708496,4
21,0.12191340327262878,-9.16030216217041,16
22,0.028208859264850616,-1.1349890232086182,7
23,0.05524904280900955,-0.655858039855957,10
24,0.3534829616546631,3.743530750274658,42
25,0.2700633406639099,-17.30857276916504,32
26,0.10695642977952957,-3.9926671981811523,15
27,0.0874231681227684,-6.862405300140381,13
28,0.3761269450187683,-23.268901824951172,42
29,0.012128982692956924,-0.5886417031288147,5
30,0.1300009936094284,-3.228945732116699,18
31,0.04703684151172638,1.8009042739868164,9
32,0.08033859729766846,-5.673239231109619,12
33,0.21200814843177795,12.479032516479492,26
34,0.03165450692176819,-1.468475580215454,7
35,0.1920057088136673,-2.879828929901123,24
36,0.011358194053173065,-2.192838668823242,5
37,0.27915602922439575,-11.369563102722168,33
38,0.31752994656562805,-5.024814128875732,38
39,0.0032509956508874893,-0.3780478239059448,4
40,0.0491032600402832,-3.504131317138672,9
41,0.07115130126476288,-4.776777744293213,11
42,0.1715022772550583,-9.77678108215332,21
43,0.0704880878329277,-4.870440483093262,11
44,0.02845734916627407,0.4670459032058716,7
45,0.3510241210460663,-4.469717025756836,40
46,0.06938084959983826,-6.180378437042236,11
47,0.019702088087797165,-0.4817744493484497,6
48,0.04042038694024086,-1.9513120651245117,8
49,0.08589951694011688,-3.3846945762634277,13
50,0.18118169903755188,-4.195963382720947,22
51,0.1330859214067459,-4.140897274017334,17
52,0.11531221866607666,-5.35764741897583,16
53,0.17733418941497803,-8.627012252807617,22
54,0.02039984241127968,-1.2183573246002197,6
55,0.22186267375946045,-2.206027030944824,26
56,0.10888466984033585,-2.363053321838379,15
57,0.18113239109516144,-9.189300537109375,22
58,0.268948495388031,-6.534695625305176,31
59,0.1719416081905365,-8.14030933380127,21
60,0.20621652901172638,-5.065338134765625,25
61,0.19125156104564667,-9.317906379699707,23
62,0.0694265365600586,-1.579586386680603,11
63,0.34835585951805115,-7.516976356506348,40
64,0.16216416656970978,-0.5100243091583252,20
65,0.10170512646436691,-2.2311434745788574,14
66,0.15226420760154724,-6.39974308013916,20
67,0.12055936455726624,-2.9574575424194336,16
68,0.14789240062236786,-5.957683563232422,19
69,0.12194675207138062,-0.5254664421081543,16
70,0.4295586943626404,-10.718343734741211,48
71,0.0777071863412857,-1.5057673454284668,12
72,0.24950969219207764,-8.176413536071777,29
73,0.07008535414934158,-1.1935205459594727,11
74,0.13401217758655548,-5.734532356262207,18
75,0.199668288230896,-1.0020406246185303,24
76,0.16100437939167023,-4.993058681488037,20
77,0.2119886875152588,-8.953466415405273,25
78,0.10026177763938904,-3.531202793121338,15
79,0.029853777959942818,-2.9818599224090576,7
80,0.36059248447418213,-10.82649040222168,41
81,0.1294979453086853,3.9191784858703613,17
82,0.39299026131629944,-2.7328858375549316,44
83,0.07880476862192154,-0.8571329712867737,12
84,0.10037944465875626,-1.4275319576263428,14
85,0.2658626437187195,-12.89885139465332,31
86,0.17871910333633423,-5.699924468994141,22
87,0.011668827384710312,-0.9185900688171387,5
88,0.15511158108711243,-6.622119903564453,20
89,0.24631091952323914,-11.146418571472168,29
90,0.05739259719848633,-1.0988558530807495,10
91,0.012075766921043396,-0.6949867010116577,5
92,0.07619214802980423,-7.855398178100586,12
93,0.011841075494885445,-1.3100135326385498,5
94,0.07322541624307632,-6.214061737060547,12
95,0.13986006379127502,-11.104092597961426,18
96,0.10420411080121994,-6.347878456115723,15
97,0.029657986015081406,-0.8679754137992859,7
98,0.17045149207115173,-7.618537425994873,21
99,0.07651184499263763,-6.181525230407715,12
100,0.27990415692329407,-19.828968048095703,32
101,0.22944475710391998,-10.642500877380371,28
102,0.1421327292919159,-4.094163417816162,18
103,0.12224358320236206,-3.9486560821533203,16
104,0.03853531926870346,-5.489581108093262,8
105,0.0119988564401865,-2.3090779781341553,5
106,0.03032742440700531,-2.463071823120117,7
107,0.09300882369279861,-4.536379814147949,13
108,0.09345047175884247,-2.7133278846740723,13
109,0.11359593272209167,-1.6956173181533813,15
110,0.07894215732812881,-6.566403865814209,12
111,0.16842621564865112,-3.394421339035034,21
112,0.1525953710079193,-11.409270286560059,19
113,0.10174901783466339,-4.880098342895508,14
114,0.19970692694187164,-6.558514595031738,24
115,0.16017106175422668,-0.9940024018287659,20
116,0.012443063780665398,-0.4981085956096649,5
117,0.003612291067838669,-0.2372572124004364,4
118,0.15259037911891937,-1.670822024345398,19
119,0.1614154428243637,-2.945638656616211,20
120,0.050024718046188354,-0.7215300798416138,9
121,0.0036837346851825714,-0.29160889983177185,4
122,0.07976508140563965,-3.5116984844207764,12
123,0.09225393831729889,-0.6823833584785461,13
124,0.049996115267276764,-0.46199271082878113,9
125,0.20058153569698334,-10.303569793701172,24
126,0.13202369213104248,-0.6247097253799438,17
127,0.1617148071527481,-7.285711765289307,20
128,0.13309594988822937,-12.593212127685547,17
129,0.012002399191260338,-1.9212015867233276,5
130,0.17683345079421997,-0.649904191493988,22
131,0.25782233476638794,-6.634106636047363,30
132,0.1692739725112915,-5.8661789894104,21
133,0.21008838713169098,-7.848728656768799,26
134,0.13329821825027466,-0.6393460631370544,17
135,0.12251332402229309,-5.150448322296143,16
136,0.14300882816314697,-2.689441204071045,18
137,-0.013425290584564209,-0.12361166626214981,2
138,0.14160603284835815,-2.6711037158966064,18
139,0.03184308856725693,-0.266246497631073,7
140,0.0612037256360054,-0.3883994519710541,10
141,0.05148613452911377,-0.4886457920074463,9
142,0.08245956152677536,-1.1614234447479248,12
143,0.09115267544984818,-2.6438467502593994,13
144,0.060368746519088745,-0.5603543519973755,10
145,0.08191516250371933,-1.186383843421936,12
146,0.0920819491147995,-2.9315078258514404,13
147,0.20912963151931763,-5.558633327484131,26
148,0.059756290167570114,-3.6288697719573975,10
149,0.1223599836230278,-0.6601431965827942,16
150,0.21017377078533173,-1.4402110576629639,26
151,0.13154350221157074,-6.667544841766357,17
152,0.059947218745946884,-0.8418647646903992,10
153,0.05201312527060509,-0.29215914011001587,9
154,0.17696666717529297,-2.976118564605713,22
155,0.18261554837226868,-2.6687469482421875,23
156,0.20266281068325043,-0.8778013586997986,25
157,0.18430154025554657,-3.434129476547241,23
158,0.03050079382956028,-0.998138964176178,7
159,0.03052758425474167,-0.2951323091983795,7
160,0.08107020705938339,-0.27113017439842224,12
161,0.01193474791944027,-1.921800136566162,5
162,0.19711056351661682,-7.78903865814209,24
163,0.14153268933296204,-0.47721925377845764,18
164,0.07878747582435608,-5.552130222320557,12
165,0.003387387841939926,-0.2818846106529236,4
166,0.06114126741886139,-0.8070785999298096,10
167,0.17719945311546326,-0.44435715675354004,22
168,0.11306451261043549,-2.861575126647949,15
169,0.11230398714542389,-0.7036346793174744,15
170,0.12968403100967407,-8.050180435180664,17
171,0.06113491952419281,-2.6223983764648438,10
172,0.09175056219100952,-1.5254772901535034,13
173,0.08023584634065628,-2.7428736686706543,12
174,0.03980366140604019,-0.6796985864639282,8
175,0.05994625762104988,-0.9439285397529602,10
176,0.16150279343128204,-0.9613615274429321,20
177,0.19571878015995026,-1.3602217435836792,24
178,0.11107174307107925,-8.356353759765625,15
179,0.17608855664730072,-0.8171766400337219,22
180,0.17981962859630585,-4.840681076049805,22
181,0.1332283616065979,-3.539306640625,17
182,0.012017523869872093,-0.782132089138031,5
183,0.1020728200674057,-6.4724555015563965,14
184,0.15150399506092072,-4.672386646270752,19
185,0.19596873223781586,-3.602323055267334,24
186,0.12190625071525574,-8.179621696472168,16
187,0.1891358643770218,-9.36359977722168,23
188,0.05934052914381027,-0.6705687642097473,10
189,0.1924348920583725,-2.899360418319702,24
190,0.0033599622547626495,-0.31350648403167725,4
191,0.1781817227602005,-1.1064138412475586,22
192,0.12246248871088028,-2.8529856204986572,16
193,0.08944191038608551,-5.713561534881592,13
194,0.029310360550880432,-4.110544204711914,7
195,0.030799951404333115,-0.5174198746681213,7
196,0.18001361191272736,-11.203897476196289,22
197,0.040192849934101105,-0.3403087258338928,8
198,0.17027804255485535,-9.067463874816895,21
199,0.10243988037109375,-1.3011683225631714,14
200,0.08033234626054764,-0.46141234040260315,12
201,0.09781578183174133,-4.697660446166992,14
202,0.12117275595664978,-4.395962238311768,16
203,0.031140057370066643,-0.1832554042339325,7
204,0.0033225994557142258,-0.2542887330055237,4
205,0.08139951527118683,-0.30120280385017395,12
206,0.031477682292461395,-0.22083069384098053,7
207,0.1415860652923584,-0.8149604797363281,18
208,0.22641895711421967,-3.477402687072754,28
209,0.202638179063797,-1.8428285121917725,25
210,0.1612997055053711,-5.761696815490723,20
211,0.10396625101566315,-0.6656312346458435,14
212,0.15260657668113708,-2.7870311737060547,19
213,0.04168076068162918,-0.22311784327030182,8
214,0.15073536336421967,-0.5017536282539368,19
215,0.10224048793315887,-0.7169197201728821,14
216,0.04988884925842285,-4.2309489250183105,9
217,0.05652792379260063,-4.1760029792785645,10
218,0.17151682078838348,-10.000041961669922,21
219,0.12273062765598297,-0.8439934849739075,16
220,0.11389684677124023,-4.476408958435059,15
221,0.23730556666851044,-7.6383538246154785,29
222,0.06026704981923103,-0.5030859708786011,10
223,0.05890043079853058,-6.447635650634766,10
224,0.13197627663612366,-0.5976658463478088,17
225,0.2186184525489807,-2.995875120162964,27
226,0.247467041015625,-11.940762519836426,29
227,0.16009879112243652,-0.5225266218185425,20
228,0.06173945218324661,-0.31183454394340515,10
229,0.15308067202568054,-15.661288261413574,19
230,0.11345947533845901,-3.852829933166504,15
231,0.08587503433227539,-3.9699416160583496,13
232,0.07120030373334885,-0.32242363691329956,11
233,0.08800841122865677,-5.859455108642578,13
234,0.0314587727189064,-0.24400824308395386,7
235,0.020603826269507408,-0.9893185496330261,6
236,0.2345999926328659,-12.99913215637207,28
237,0.18842951953411102,-8.198991775512695,23
238,0.18792124092578888,-0.8209795355796814,23
239,0.20125757157802582,-0.6371808052062988,25
240,0.030219824984669685,-5.283698558807373,7
241,0.04120689257979393,-0.28817838430404663,8
242,0.16138345003128052,-5.869326591491699,20
243,0.09123535454273224,-0.13225600123405457,13
244,0.030528755858540535,-0.1773763746023178,7
245,0.1657780259847641,-0.24653597176074982,21
246,0.19308842718601227,-0.4313982129096985,24
247,0.19500863552093506,-0.30551233887672424,24
248,0.14111804962158203,-0.24897927045822144,18
249,0.003404920920729637,-2.8904900550842285,4
250,0.11256514489650726,-4.7317118644714355,15
251,0.07213619351387024,-0.2716948091983795,11
252,0.1129796952009201,-0.43481355905532837,15
253,0.061630889773368835,-0.15312589704990387,10
254,0.05009740963578224,-0.09699355065822601,9
255,0.1858641654253006,-0.6595214009284973,23
256,0.09291593730449677,-0.19698573648929596,13
257,0.15083175897598267,-0.4900808334350586,19
258,0.07119278609752655,-0.28157564997673035,11
259,0.021142054349184036,-0.059163980185985565,6
260,0.240898996591568,-9.092037200927734,29
261,0.20156508684158325,-3.557333469390869,25
262,0.1776241511106491,-0.17634357511997223,22
263,0.012532530352473259,-0.2025110125541687,5
264,0.14182770252227783,-0.4887741804122925,18
265,0.0122124794870615,-0.06023954227566719,5
266,0.15163971483707428,-0.21796779334545135,19
267,0.13307838141918182,-0.12161695212125778,17
268,0.17526176571846008,-0.2793440520763397,22
269,0.11280667781829834,-0.2876136898994446,15
270,0.1615128219127655,-2.737070083618164,20
271,0.1677326261997223,-0.12618550658226013,21
272,0.16963252425193787,-4.407862663269043,21
273,0.11419329792261124,-0.13990187644958496,15
274,0.1331423968076706,-0.38931214809417725,17
275,0.09091009199619293,-2.6823902130126953,13
276,0.1409309208393097,-0.08224652707576752,18
277,0.19621874392032623,-0.513005793094635,24
278,0.14320062100887299,-0.3849979341030121,18
279,0.06129733473062515,-0.6052490472793579,10
280,0.18476319313049316,-0.6466675400733948,23
281,0.1231837347149849,-0.7094541192054749,16
282,0.10229010134935379,-0.12360627204179764,14
283,0.10370341688394547,-1.277300477027893,14
284,0.1319769322872162,-0.32069602608680725,17
285,0.14186014235019684,-4.943429946899414,18
286,0.06988555192947388,-0.2522507309913635,11
287,0.08613874018192291,-6.108712196350098,13
288,0.23976656794548035,-17.671550750732422,29
289,0.09318840503692627,-0.21676361560821533,13
290,0.12286156415939331,-0.16060476005077362,16
291,-0.021786272525787354,-0.025587579235434532,1
292,0.19339294731616974,-0.18050652742385864,24
293,0.07149852812290192,-0.23653674125671387,11
294,0.1616765558719635,-0.840202271938324,20
295,0.04022945463657379,-0.193910613656044,8
296,0.07212993502616882,-0.12207332253456116,11
297,0.058579616248607635,-2.941887378692627,10
298,0.16042187809944153,-0.5197221636772156,20
299,0.09146946668624878,-0.16418227553367615,13
300,0.43471038341522217,-18.909828186035156,49
301,0.1326579600572586,-2.2026731967926025,17
302,0.03128240257501602,-1.05560302734375,7
303,0.0037192944437265396,-0.14450038969516754,4
304,0.04092893376946449,-1.214370608329773,8
305,0.13911302387714386,-8.300570487976074,18
306,0.10152969509363174,-3.196659803390503,14
307,0.09210287779569626,-0.25117889046669006,13
308,0.09035926312208176,-1.2046339511871338,13
309,0.13244549930095673,-3.3055875301361084,17
310,0.08067754656076431,-7.097917556762695,12
311,0.1424129158258438,-0.513458251953125,18
312,0.0035985782742500305,-0.09709415584802628,4
313,0.11260776221752167,-0.2801443934440613,15
314,0.0812714472413063,-5.306518077850342,12
315,0.003171635791659355,-1.5640294551849365,4
316,0.11301538348197937,-0.5929796099662781,15
317,0.030116192996501923,-3.6953723430633545,7
318,0.06124809384346008,-0.6140542030334473,10
319,0.030867284163832664,-1.1627863645553589,7
320,0.15897303819656372,-0.20151293277740479,20
321,0.20736472308635712,-5.235314846038818,25
322,0.0607675202190876,-0.24625062942504883,10
323,0.11387370526790619,-5.173415184020996,15
324,0.10345250368118286,-0.6586427092552185,14
325,0.039931587874889374,-0.47665753960609436,8
326,0.09145856648683548,-0.6175938248634338,13
327,0.04013175889849663,-0.4605468511581421,8
328,0.33056366443634033,-5.817139148712158,38
329,0.09117437899112701,-0.44939252734184265,13
330,0.10272596776485443,-0.3362002670764923,14
331,0.08229327201843262,-3.5065479278564453,12
332,0.17689242959022522,-0.177330881357193,22
333,0.07959304004907608,-3.9299209117889404,12
334,0.02041909657418728,-1.2973629236221313,6
335,0.08866987377405167,-5.315614700317383,13
336,0.20192132890224457,-6.337890148162842,25
337,0.20749084651470184,-5.541867256164551,25
338,0.10223113000392914,-0.22732430696487427,14
339,0.05057813972234726,-0.1769421100616455,9
340,0.2669520080089569,-3.185497999191284,31
341,0.47909092903137207,-15.404047012329102,53
342,0.21777856349945068,-2.531961441040039,26
343,0.09159468114376068,-0.261996328830719,13
344,0.14251621067523956,-0.2482718974351883,18
345,0.07275605201721191,-0.1719154715538025,11
346,0.030933016911149025,-3.457404613494873,7
347,0.04103640466928482,-0.49052414298057556,8
348,0.1329054981470108,-4.330811977386475,17
349,0.042027797549963,-0.11814945191144943,8
350,-0.005122454836964607,-0.05388183519244194,3
351,0.1027168333530426,-5.454015254974365,14
352,0.15928521752357483,-5.994093894958496,20
353,0.04957312345504761,-0.18488709628582,9
354,0.0812612771987915,-0.3007354140281677,12
355,0.08702753484249115,-7.464401721954346,13
356,0.10447083413600922,-4.182440280914307,15
357,0.11358626931905746,-1.9035404920578003,15
358,0.1787325143814087,-1.0400196313858032,22
359,0.012339700013399124,-0.7593677043914795,5
360,0.06039617955684662,-0.03197534382343292,10
361,0.00316501222550869,-0.44557878375053406,4
362,0.09267058968544006,-0.07769372314214706,13
363,0.09362827986478806,-0.17759622633457184,13
364,0.09157000482082367,-0.6384086608886719,13
365,0.11207364499568939,-0.2237335741519928,15
366,0.05894286185503006,-2.9711110591888428,10
367,0.11271990835666656,-4.35719633102417,15
368,-0.005207918584346771,-0.28787511587142944,3
369,0.11291206628084183,-0.18485434353351593,15
370,0.003148883581161499,-2.34576416015625,4
371,0.05981502681970596,-0.06926360726356506,10
372,0.20001661777496338,-2.848170280456543,24
373,0.10336969047784805,-0.17277731001377106,14
374,0.10253111273050308,-2.3086557388305664,14
375,0.08066895604133606,-0.01890062540769577,12
376,0.020956695079803467,-0.11544372886419296,6
377,0.16864140331745148,-0.13642610609531403,21
378,0.15126650035381317,-0.1492723673582077,19
379,0.12348882853984833,-0.12078478932380676,16
380,0.13286733627319336,-0.39132553339004517,17
381,0.021492216736078262,-0.3765522837638855,6
382,0.1328057050704956,-3.4955601692199707,17
383,0.15841341018676758,-0.13451243937015533,20
384,0.20927661657333374,-2.0058655738830566,27
385,0.0217647235840559,-0.07498075813055038,6
386,0.15030747652053833,-0.2564585208892822,19
387,0.13302381336688995,-4.363999366760254,17
388,0.15139612555503845,-0.059546373784542084,19
389,0.05121486634016037,-0.03873647376894951,9
390,0.21873946487903595,-5.548162937164307,27
391,0.20283916592597961,-3.8180270195007324,25
392,0.08448294550180435,-9.791296005249023,13
393,0.15069632232189178,-0.08458179980516434,19
394,-0.02179226651787758,-0.0004919357597827911,1
395,0.06166685372591019,-0.07196011394262314,10
396,0.16707226634025574,-0.031586986035108566,21
397,0.003879159688949585,-0.011249889619648457,4
398,0.17600995302200317,-0.17823390662670135,22
399,0.012151302769780159,-0.03934590518474579,5
400,0.003143826499581337,-3.19309663772583,4
401,0.17935556173324585,-0.24230320751667023,22
402,0.14290708303451538,-0.5877344608306885,18
403,0.13250134885311127,-0.145530104637146,17
404,0.13249194622039795,-0.5989583134651184,17
405,0.030637215822935104,-0.01678617112338543,7
406,0.012330016121268272,-0.25077956914901733,5
407,0.08108092099428177,-0.18283599615097046,12
408,0.1606834977865219,-0.19021204113960266,20
409,0.0490899458527565,-0.15243783593177795,9
410,0.15013103187084198,-0.0825515165925026,19
411,0.030910994857549667,-0.05886194109916687,7
412,0.0709371343255043,-0.1881570816040039,11
413,0.12199161946773529,-0.22425004839897156,16
414,0.09152724593877792,-0.04207442328333855,13
415,0.06115495413541794,-0.16182316839694977,10
416,0.1330539882183075,-0.068374402821064,17
417,0.07236062735319138,-0.07147156447172165,11
418,0.16024251282215118,-0.38291865587234497,20
419,0.05921158194541931,-0.11847888678312302,10
420,0.15101872384548187,-0.09807553142309189,19
421,0.07110799103975296,-0.16352543234825134,11
422,0.0034621302038431168,-0.38860654830932617,4
423,0.003572288900613785,-0.04301559925079346,4
424,0.12281465530395508,-0.3848015367984772,16
425,0.07124534249305725,-0.028247755020856857,11
426,0.012410862371325493,-0.5003346800804138,5
427,0.1130865216255188,-0.07420956343412399,15
428,0.13204234838485718,-0.39656177163124084,17
429,-0.01344427838921547,-0.03518805652856827,2
430,0.14232054352760315,-0.10925373435020447,18
431,0.10243567824363708,-0.08293783664703369,14
432,0.14166495203971863,-5.1601176261901855,18
433,0.09313419461250305,-0.10498318076133728,13
434,0.1509174257516861,-0.07853222638368607,19
435,0.041004620492458344,-0.0593508817255497,8
436,0.09061551094055176,-0.08783528953790665,13
437,0.0826086550951004,-0.0912969633936882,12
438,0.16035769879817963,-0.05168849229812622,20
439,0.05901152268052101,-4.024351596832275,10
440,0.10085293650627136,-0.7181459069252014,14
441,0.10375599563121796,-0.09025770425796509,14
442,0.115333192050457,-3.546703815460205,16
443,0.021067216992378235,-2.0100533962249756,6
444,0.39809784293174744,-6.48087215423584,45
445,0.03135465458035469,-0.17183203995227814,7
446,0.18804048001766205,-0.8817517757415771,23
447,0.011793609708547592,-0.11921487003564835,5
448,0.12188339233398438,-0.2369455248117447,16
449,0.03121892735362053,-0.1039416640996933,7
450,0.012633640319108963,-0.36464357376098633,5
451,0.050171513110399246,-2.9328060150146484,9
452,0.09312672913074493,-0.15818817913532257,13
453,0.07078773528337479,-0.1329595148563385,11
454,0.13199520111083984,-0.44745153188705444,17
455,0.12297393381595612,-0.11163634806871414,16
456,0.12168728560209274,-0.14486189186573029,16
457,0.04156600683927536,-0.051681164652109146,8
458,0.17541426420211792,-0.31881991028785706,22
459,0.11359792202711105,-0.15646812319755554,15
460,0.13238774240016937,-0.12558327615261078,17
461,0.05062443017959595,-0.03265898674726486,9
462,0.218488410115242,-0.20761270821094513,27
463,0.2111077606678009,-0.43311572074890137,26
464,0.022044982761144638,-0.16229932010173798,6
465,0.11298856139183044,-0.9106011986732483,15
466,0.1414957493543625,-0.4623825252056122,18
467,0.18284407258033752,-0.2980433404445648,23
468,0.05930367112159729,-0.35469281673431396,10
469,0.0729181095957756,-0.26677370071411133,11
470,0.1023310124874115,-0.2766479253768921,14
471,0.04954636096954346,-0.6545754075050354,9
472,0.11769995093345642,-6.549956798553467,16
473,0.14227701723575592,-0.2593369781970978,18
474,0.3517009913921356,-6.273875713348389,40
475,0.08325513452291489,-0.21378199756145477,12
476,0.15166132152080536,-5.439919948577881,19
477,0.2104867398738861,-0.46755433082580566,26
478,0.15975937247276306,-0.09114310890436172,20
479,0.09192989766597748,-0.3596630394458771,13
480,0.07236970961093903,-0.32614821195602417,11
481,0.17761188745498657,-0.20992568135261536,22
482,0.14239369332790375,-0.19986273348331451,18
483,0.07144985347986221,-0.16631412506103516,11
484,0.0929775983095169,-0.24512162804603577,13
485,0.09123658388853073,-0.84273761510849,13
486,0.1943877637386322,-1.0176643133163452,24
487,0.14256127178668976,-0.4359898567199707,18
488,0.04045644775032997,-0.2726633846759796,8
489,0.012265052646398544,-0.9307154417037964,5
490,0.14153222739696503,-0.7253710627555847,18
491,0.04624006897211075,-6.501068115234375,9
492,0.1499301940202713,-0.4325736463069916,19
493,0.14784441888332367,-5.386602401733398,19
494,-0.02177388221025467,-0.002026884350925684,1
495,0.040449731051921844,-0.4090481996536255,8
496,0.06650146096944809,-4.2972540855407715,11
497,0.10285522788763046,-0.9646953344345093,14
498,0.18848316371440887,-5.114870548248291,23
499,0.040662042796611786,-0.8006905317306519,8
500,0.16032835841178894,-0.958067774772644,20
501,0.12347662448883057,-4.132269382476807,16
502,0.1231633722782135,-0.25460317730903625,16
503,0.020633619278669357,-3.544492244720459,6
504,-0.01355474442243576,-0.8968942761421204,2
505,0.06085888296365738,-1.117000699043274,10
506,0.12172059714794159,-3.8300929069519043,16
507,0.1326688975095749,-4.113541603088379,17
508,0.039876021444797516,-0.6803659796714783,8
509,-0.005253225564956665,-0.2756318151950836,3
510,0.0819379910826683,-0.44020503759384155,12
511,0.11228382587432861,-0.3705000877380371,15
512,0.1804446130990982,-6.952652454376221,22
513,0.0730675756931305,-0.44240525364875793,11
514,0.2296690046787262,-6.284501552581787,27
515,0.0033307168632745743,-1.6386804580688477,4
516,0.14887967705726624,-6.628847599029541,19
517,0.12229833006858826,-0.812305212020874,16
518,0.17278675734996796,-12.635810852050781,21
519,0.07117138803005219,-0.8654570579528809,11
520,0.15261825919151306,-9.321850776672363,19
521,0.454476535320282,-8.513775825500488,51
522,0.020851701498031616,-3.564021348953247,6
523,0.33537325263023376,-3.937448263168335,38
524,0.12113767862319946,-7.599393367767334,16
525,0.10138124227523804,-1.7002443075180054,14
526,0.09040418267250061,-3.6511478424072266,13
527,0.1943371742963791,-1.4913359880447388,24
528,0.1281892955303192,6.460805892944336,17
529,0.16949914395809174,-5.707214832305908,21
530,0.14604584872722626,-3.6374082565307617,19
531,0.133651003241539,-1.8427700996398926,17
532,0.13284146785736084,-0.49919593334198,17
533,0.15829245746135712,-0.5675764083862305,20
534,0.17835144698619843,-4.876047611236572,22
535,0.02199188433587551,-0.37921014428138733,6
536,0.04983840137720108,-0.637137770652771,9
537,0.1325577199459076,-4.14165735244751,17
538,0.12252853065729141,-0.5172280073165894,16
539,0.1473284810781479,-11.567614555358887,19
540,0.1846892088651657,-4.126136302947998,23
541,0.09093388170003891,-1.0715787410736084,13
542,0.13158920407295227,-0.17436568439006805,17
543,0.13333866000175476,-0.2267005294561386,17
544,0.0032448768615722656,-3.4799911975860596,4
545,0.031121373176574707,-0.1516377478837967,7
546,0.07061952352523804,-0.6847477555274963,11
547,-0.0050354935228824615,-0.3829500079154968,3
548,0.09285448491573334,-0.5330984592437744,13
549,0.1907648891210556,-0.590137243270874,24
550,0.1205860897898674,-7.9046735763549805,16
551,0.08886390179395676,-6.308232307434082,13
552,0.09388488531112671,-0.1531476080417633,13
553,-0.02177518606185913,-0.004087268374860287,1
554,0.15060032904148102,-0.16496841609477997,19
555,0.02140427753329277,-0.2203776240348816,6
556,0.13228489458560944,-0.9179016947746277,17
557,0.21024800837039948,-14.170732498168945,25
558,0.12364548444747925,-0.22452443838119507,16
559,0.050876177847385406,-4.697421550750732,9
560,0.012490041553974152,-0.08629310131072998,5
561,0.012378746643662453,-0.12259236723184586,5
562,0.18493306636810303,-0.0637039765715599,23
563,0.06286133825778961,-0.10111488401889801,10
564,0.13346567749977112,-0.8959448337554932,17
565,0.13916225731372833,-7.089738368988037,18
566,0.003528757020831108,-0.3431784510612488,4
567,0.1428638994693756,-0.3458303213119507,18
568,0.029818342998623848,-2.5451254844665527,7
569,0.1120513379573822,-0.34922534227371216,15
570,0.19990697503089905,-15.728565216064453,24
571,0.11298924684524536,-0.12725621461868286,15
572,0.21351459622383118,-9.598078727722168,26
573,0.1130591556429863,-0.5377505421638489,15
574,0.02121448889374733,-0.09584996849298477,6
575,0.16653086245059967,-0.06574605405330658,21
576,0.1429898738861084,-0.9167629480361938,18
577,0.15909156203269958,-0.12434800714254379,20
578,0.15063051879405975,-0.03156684339046478,19
579,0.16776645183563232,-0.2071523219347,21
580,-0.005267104133963585,-2.350759744644165,3
581,0.13349272310733795,-0.4842380881309509,17
582,0.11284590512514114,-6.2193922996521,15
583,0.22030948102474213,-0.3207891583442688,27
584,0.15870220959186554,-0.1322118490934372,20
585,0.12267790734767914,-0.06642021983861923,16
586,0.19438695907592773,-0.33276113867759705,24
587,0.10224000364542007,-0.0653785988688469,14
588,0.17513421177864075,-0.17822085320949554,22
589,0.12198223173618317,-0.20388956367969513,16
590,0.11260998249053955,-0.49272778630256653,15
591,0.0036439020186662674,-0.10266050696372986,4
592,0.1123737096786499,-5.258709907531738,15
593,0.19135373830795288,-0.43476220965385437,24
594,0.003620697185397148,-0.05158036947250366,4
595,0.161019429564476,-0.4426058828830719,20
596,0.02127039059996605,-0.37102240324020386,6
597,0.05107289180159569,-0.4465186595916748,9
598,0.13213475048542023,-0.20486292243003845,17
599,0.1125398725271225,-0.052708763629198074,15
600,0.16933821141719818,-0.039729043841362,21
601,0.1332811713218689,-0.07008559256792068,17
602,0.07002992928028107,-0.04307563975453377,11
603,0.16038797795772552,-0.10915844142436981,20
604,0.19580353796482086,-0.24716703593730927,24
605,0.060172051191329956,-0.10625967383384705,10
606,0.05160577967762947,-0.22774286568164825,9
607,0.09239131212234497,-1.3203041553497314,13
608,0.16895048320293427,-0.35275325179100037,21
609,0.17721380293369293,-0.37297874689102173,22
610,0.14182572066783905,-3.8056485652923584,18
611,0.061603106558322906,-0.03287015110254288,10
612,0.08167138695716858,-0.23156502842903137,12
613,0.2091790735721588,-0.14859558641910553,26
614,0.059474796056747437,-0.341361939907074,10
615,0.15023036301136017,-0.4750247299671173,19
616,0.020716872066259384,-0.588405430316925,6
617,0.040205128490924835,-0.30805715918540955,8
618,0.04000091552734375,-3.338395595550537,8
619,0.062385931611061096,-0.07283136993646622,10
620,0.17052000761032104,-5.899140357971191,21
621,0.17644211649894714,-0.10623408854007721,22
622,0.05146848410367966,-0.2154923975467682,9
623,0.12291985750198364,-0.39076927304267883,16
624,0.14287643134593964,-1.0633776187896729,18
625,0.030206812545657158,-0.20618529617786407,7
626,0.030822111293673515,-0.35690584778785706,7
627,0.030338328331708908,-0.30187830328941345,7
628,0.012076091021299362,-0.25033804774284363,5
629,0.07668488472700119,-4.616616249084473,12
630,0.1842605024576187,-0.33057957887649536,23
631,0.02027307264506817,-2.0898842811584473,6
632,0.19757016003131866,-2.3713364601135254,24
633,0.0823867917060852,-5.4296979904174805,12
634,0.05946547910571098,-2.2823891639709473,10
635,0.182907834649086,-0.6482628583908081,23
636,0.11149553954601288,-6.266695022583008,15
637,0.10337585210800171,-0.14461518824100494,14
638,0.2090577483177185,-3.802057981491089,26
639,0.031349487602710724,-0.20295658707618713,7
640,0.14887355268001556,-4.819897174835205,19
641,0.03952420502901077,-0.7276908159255981,8
642,0.10249438881874084,-3.729975700378418,14
643,0.021355627104640007,-0.1531999260187149,6
644,0.21884222328662872,-8.541184425354004,26
645,0.09165676683187485,-1.044214129447937,13
646,0.2054249346256256,-9.203272819519043,25
647,0.11391010880470276,-0.20847183465957642,15
648,0.04062200337648392,-1.3811168670654297,8
649,0.11273762583732605,-7.445558071136475,16
650,0.13339442014694214,-0.35508501529693604,17
651,0.16757380962371826,-0.3150009214878082,21
652,0.039461228996515274,-0.48524972796440125,8
653,0.1510477513074875,-0.6960455775260925,19
654,0.05848108232021332,-3.1815900802612305,10
655,0.13323380053043365,-1.0482370853424072,17
656,0.012801079079508781,-0.11781071871519089,5
657,0.20828737318515778,-2.0920097827911377,25
658,0.07157191634178162,-0.25331005454063416,11
659,0.10714305937290192,-8.462947845458984,15
660,0.030743064358830452,-0.4027307331562042,7
661,0.18632960319519043,-0.722588837146759,23
662,0.16846498847007751,-0.34630370140075684,21
663,0.15795321762561798,-4.912808418273926,20
664,0.06167297810316086,-0.10455363988876343,10
665,0.08314789086580276,-1.6736299991607666,12
666,0.36242690682411194,-4.704987525939941,41
667,0.11349734663963318,-0.6406011581420898,15
668,0.1334962248802185,-3.6915478706359863,17
669,0.11299191415309906,-7.128147125244141,15
670,0.00318780355155468,-0.22904768586158752,4
671,0.25834816694259644,-3.219710350036621,30
672,0.003339100629091263,-0.3592531383037567,4
673,0.13721579313278198,-5.86958122253418,18
674,0.16174502670764923,-0.4378339648246765,20
675,0.15146057307720184,-0.6222984790802002,19
676,0.24851073324680328,-4.861596584320068,29
677,0.1325780153274536,-0.13291466236114502,17
678,0.06750863790512085,-3.250901937484741,11
679,0.12362460792064667,-0.4294297695159912,16
680,0.04915793612599373,-5.651135444641113,9
681,0.177694633603096,-0.6456168293952942,22
682,0.1423116773366928,-0.9047176241874695,18
683,0.1602689027786255,-0.9878786206245422,20
684,0.17130036652088165,-8.056965827941895,21
685,0.7400376200675964,-15.089825630187988,81
686,0.16046538949012756,-1.0266122817993164,20
687,0.226495623588562,-4.411654472351074,28
688,0.02889472432434559,-2.9217424392700195,7
689,0.029416458681225777,-1.78421950340271,7
690,0.1324300467967987,-0.8123546838760376,17
691,0.0036888420581817627,-0.19890356063842773,4
692,0.051038436591625214,-0.4312461018562317,9
693,0.17828363180160522,-1.8589823246002197,22
694,0.10398025810718536,-0.8925708532333374,14
695,0.11360253393650055,-0.745826244354248,15
696,0.0035994742065668106,-0.37420952320098877,4
697,0.039992477744817734,-5.780586242675781,8
698,0.09506531059741974,-1.853176236152649,14
699,0.02931906469166279,-2.159508466720581,7
700,0.132792666554451,-5.835792541503906,17
701,0.09877075254917145,-3.5531418323516846,14
702,0.028905685991048813,-4.621402740478516,7
703,0.03993215411901474,-2.673438787460327,8
704,0.02020278573036194,-2.7602760791778564,6
705,0.08653967082500458,-4.854088306427002,13
706,0.16644801199436188,-1.4090855121612549,21
707,0.34899693727493286,-5.470946788787842,40
708,0.2955150306224823,-4.3779377937316895,34
709,0.16104239225387573,-8.177334785461426,20
710,0.19318243861198425,-0.7373621463775635,24
711,0.14242903888225555,-5.295652389526367,18
712,0.10708475857973099,-2.628554344177246,15
713,0.050180401653051376,-1.027415156364441,9
714,0.18128608167171478,-10.866933822631836,22
715,0.06035291776061058,-0.47701314091682434,10
716,0.33191555738449097,-10.767950057983398,38
717,0.12384834885597229,-0.43576544523239136,16
718,0.0592525489628315,-1.3506728410720825,10
719,0.049579426646232605,-4.895766258239746,9
720,0.4271816313266754,-10.222387313842773,48
721,0.12260011583566666,-4.615180015563965,16
722,0.7205550074577332,-9.958089828491211,78
723,-0.005132580175995827,-0.7097870707511902,3
724,0.12250669300556183,-0.4162777364253998,16
725,0.07591874897480011,-4.912613391876221,12
726,0.14113257825374603,-1.3394547700881958,18
727,0.09106189757585526,-1.2685459852218628,13
728,0.17725709080696106,-2.313645362854004,22
729,0.08431102335453033,-2.5389063358306885,13
730,0.08120639622211456,-4.505146026611328,12
731,0.13299164175987244,-0.4543590843677521,17
732,0.10356254130601883,-0.43845486640930176,14
733,0.10337519645690918,-3.3485350608825684,14
734,0.13653211295604706,-7.118302822113037,18
735,0.17839905619621277,-2.5155282020568848,22
736,0.13663893938064575,-0.7919090986251831,18
737,0.3253675699234009,-8.285512924194336,37
738,0.12174716591835022,-1.7886786460876465,16
739,-0.02177947387099266,-0.010323763824999332,1
740,0.26817217469215393,-5.2182745933532715,31
741,0.10254532843828201,-3.875535249710083,14
742,0.1034352034330368,-0.46573731303215027,14
743,0.07062476873397827,-1.9023590087890625,11
744,0.04755454510450363,-0.33701571822166443,9
745,0.06659232079982758,-0.9497092366218567,11
746,0.36531662940979004,-9.029271125793457,41
747,0.15618382394313812,-2.7082362174987793,20
748,0.14788317680358887,-2.895982503890991,19
749,0.15079137682914734,-1.0090512037277222,19
750,0.22582782804965973,-4.661523342132568,27
751,0.0033347569406032562,-0.771856427192688,4
752,0.04952181875705719,-2.8746848106384277,9
753,0.11430822312831879,-2.9096200466156006,16
754,0.02926301211118698,-4.014825820922852,7
755,0.08328668028116226,-0.8232926726341248,12
756,0.15128301084041595,-1.9315494298934937,19
757,0.21726618707180023,-0.5428463220596313,26
758,0.1521826684474945,-1.4756579399108887,19
759,0.1767415702342987,-0.38647347688674927,22
760,0.07200105488300323,-3.03993558883667,11
761,-0.005214884877204895,-1.0342351198196411,3
762,0.1064717248082161,-2.842784881591797,15
763,0.7054314017295837,-5.770357131958008,77
764,0.09911230951547623,-7.152812480926514,14
765,0.2299458533525467,-13.333521842956543,27
766,0.020434580743312836,-5.96600866317749,6
767,0.14833202958106995,-5.111752033233643,19
768,0.031075187027454376,-2.7207865715026855,7
769,0.19696520268917084,-1.0586363077163696,24
770,0.7927640080451965,-8.066466331481934,86
771,0.08697182685136795,-4.344645977020264,13
772,0.07449926435947418,-0.7522876858711243,12
773,0.2473524510860443,-0.42128100991249084,29
774,0.003092961385846138,-0.3572617769241333,4
775,0.0958341509103775,-0.2856956422328949,14
776,0.20940469205379486,-2.767422914505005,25
777,0.14755922555923462,-7.033561706542969,19
778,0.21994607150554657,-0.28590697050094604,26
779,0.02068473771214485,-4.026734352111816,6
780,0.1690869927406311,-5.188274383544922,21
781,0.32592469453811646,-4.929688930511475,37
782,0.12300845980644226,-6.404609680175781,16
783,0.09230884909629822,-1.44291090965271,13
784,0.20785921812057495,-7.369754314422607,25
785,0.11554191261529922,-7.598055839538574,16
786,0.2067350447177887,-0.5710300803184509,25
787,0.14722706377506256,-3.254638433456421,19
788,0.08091225475072861,-1.3136248588562012,12
789,0.12725704908370972,-0.4271937906742096,17
790,0.307106614112854,-0.5950098037719727,35
791,0.3463662266731262,-0.1569594293832779,39
792,0.030520332977175713,-0.9577925801277161,7
793,0.6986130475997925,-8.546243667602539,76
794,0.03848621994256973,-0.1788574606180191,8
795,1.070946455001831,-0.07105731219053268,115
796,0.16783542931079865,-2.101989269256592,21
797,0.08531251549720764,-0.9842225313186646,13
798,0.22992917895317078,-0.36589813232421875,27
799,0.08704113960266113,-7.987299919128418,13
800,0.046165816485881805,-1.2260699272155762,9
801,0.011571163311600685,2.5151007175445557,5
802,0.23943573236465454,-0.24454770982265472,28
803,0.10242409259080887,-1.6354008913040161,14
804,0.02943110466003418,-3.515519142150879,7
805,0.7185962796211243,-0.37827765941619873,78
806,0.2579170763492584,-9.716532707214355,30
807,0.003620253875851631,-1.2173914909362793,4
808,0.07065433263778687,-1.157039999961853,11
809,0.4508526623249054,-5.622319221496582,50
810,0.2176017016172409,-0.12014291435480118,26
811,0.20556212961673737,-0.3826904296875,25
812,0.2454695999622345,-0.3982469141483307,29
813,0.07195739448070526,-1.7923314571380615,11
814,0.317542165517807,-0.41385042667388916,36
815,0.2552177608013153,-0.09320398420095444,30
816,0.198641836643219,-13.247376441955566,24
817,0.10710763186216354,-0.138407900929451,15
818,0.23905940353870392,-0.05055239424109459,28
819,0.2281183898448944,-0.1612805277109146,27
820,0.10720604658126831,-0.08003565669059753,15
821,0.07776974886655807,-0.10340801626443863,12
822,0.3547826409339905,-0.23625823855400085,40
823,0.3064521551132202,-0.21321479976177216,35
824,0.7670236229896545,-0.2827776074409485,84
825,0.1783427894115448,-0.5023412108421326,22
826,0.7423650026321411,-0.5134614109992981,80
827,0.10398557037115097,-0.11774665117263794,15
828,0.0475345253944397,-8.502467155456543,9
829,0.2771778702735901,-0.4866674244403839,32
830,0.5030524730682373,-0.3579227030277252,55
831,0.019963160157203674,-0.09861419349908829,6
832,1.1814225912094116,-0.06587854027748108,126
833,0.02947792410850525,-4.091516971588135,7
834,0.14982502162456512,-3.9383316040039062,19
835,0.05735276639461517,-4.288082599639893,10
836,-0.005154719576239586,-0.007495208643376827,3
837,0.4047817587852478,-0.26062655448913574,45
838,0.35596024990081787,-4.08715295791626,40
839,0.19759584963321686,-0.03806739300489426,24
840,0.1153610348701477,-0.0065270401537418365,16
841,0.1355963945388794,-0.18588188290596008,18
842,0.4600646495819092,-0.10752962529659271,51
843,0.13369588553905487,-0.062421880662441254,18
844,0.1052638366818428,-0.4121081233024597,15
845,0.3558625280857086,-0.07979770004749298,40
846,-0.005226504057645798,-0.10672220587730408,3
847,0.21844542026519775,-0.16127938032150269,26
848,0.020022261887788773,-0.057467881590127945,6
849,0.3998567461967468,-0.08331649005413055,45
850,0.2182617336511612,-0.019900161772966385,26
851,-0.021762648597359657,-0.0015537719009444118,1
852,0.1855173110961914,-0.14880725741386414,23
853,0.15700681507587433,-0.10719028115272522,20
854,0.00304577499628067,-0.424227774143219,4
855,0.8946390748023987,-2.2121167182922363,99
856,0.07653357833623886,-0.08390405029058456,12
857,0.27822545170783997,-0.03989338502287865,32
858,0.25908809900283813,-0.15197063982486725,30
859,0.4527113735675812,-0.2957998216152191,50
860,0.19655978679656982,-5.19155216217041,24
861,0.1770520657300949,-0.03863167762756348,22
862,0.09533350169658661,-0.10120119899511337,14
863,0.08662782609462738,-0.025367191061377525,13
864,0.2485864758491516,-0.014183316379785538,29
865,0.0990438163280487,-6.358059883117676,14
866,0.16863995790481567,-0.23912584781646729,21
867,0.34605684876441956,-0.13118089735507965,39
868,0.07722513377666473,-0.019572090357542038,12
869,0.7341755628585815,-0.12428605556488037,83
870,0.5188780426979065,-0.1249222457408905,57
871,0.1255597174167633,-0.059983041137456894,17
872,0.5073691606521606,-0.35739991068840027,56
873,0.011873457580804825,-0.012827945873141289,5
874,0.056989677250385284,-0.03315354138612747,10
875,0.12674708664417267,-5.904764175415039,17
876,0.2397438883781433,-0.04723625257611275,28
877,0.45737335085868835,-0.07131427526473999,51
878,0.3170839548110962,-0.1288074105978012,36
879,0.02948109060525894,-0.007802609354257584,7
880,0.2882852256298065,-0.05260702222585678,33
881,0.08042869716882706,-6.0219807624816895,12
882,0.15161962807178497,-9.458037376403809,19
883,0.29831114411354065,-0.3371841013431549,34
884,0.15628662705421448,-0.014447533525526524,20
885,0.22729778289794922,-0.010112393647432327,27
886,0.5806424617767334,-0.011501315049827099,64
887,0.12656691670417786,-0.009350459091365337,17
888,0.35446298122406006,-8.269933700561523,40
889,0.06527723371982574,-0.27991783618927,11
890,0.055197156965732574,-0.02155325375497341,10
891,0.08966728299856186,-7.65143346786499,13
892,0.0030163396149873734,-0.029080864042043686,4
893,0.4123847484588623,-0.021259499713778496,46
894,0.1641196608543396,-0.09716962277889252,23
895,0.19703930616378784,-0.025289149954915047,24
896,0.3166130781173706,-0.060931820422410965,36
897,0.5303707718849182,-0.035234857350587845,63
898,0.01156153529882431,-0.04876469448208809,5
899,0.029350347816944122,-0.014475255273282528,7
900,0.24844318628311157,-0.08360683172941208,29
901,0.22841306030750275,-0.0031179552897810936,27
902,-0.013506247662007809,-1.3885029554367065,2
903,0.4099622070789337,-0.25631099939346313,51
904,0.14510443806648254,-0.01833396963775158,19
905,0.13512466847896576,-0.0027908398769795895,18
906,0.057051971554756165,-0.005298410542309284,10
907,0.24748089909553528,-0.007581733167171478,29
908,0.057927072048187256,-0.002491655293852091,10
909,0.9582675695419312,-0.0763554647564888,103
910,0.3259362578392029,-0.016969770193099976,37
911,0.40222159028053284,-0.011369072832167149,45
912,0.6153345108032227,-0.003379358211532235,68
913,0.5182787775993347,-0.011558794416487217,57
914,0.14701667428016663,-0.014121867716312408,19
915,0.13352392613887787,-0.02842738665640354,18
916,0.12798790633678436,-0.008684366010129452,17
917,0.6965545415878296,-0.00327212642878294,79
918,0.011673005297780037,-0.002951323986053467,5
919,0.25807714462280273,-0.0154245151206851,30
920,0.9984628558158875,-0.013865862973034382,109
921,0.3467220962047577,-0.018001317977905273,39
922,0.3351687490940094,-0.08272921293973923,38
923,0.8939140439033508,-0.011104466393589973,97
924,0.36391812562942505,-0.0735773965716362,41
925,0.047992657870054245,-0.00262051890604198,9
926,0.2871910035610199,-5.944922924041748,33
927,0.5231611728668213,-0.004437407478690147,58
928,0.17913834750652313,-0.026268990710377693,22
929,0.13705438375473022,-0.006019111722707748,18
930,0.029338475316762924,-0.0012212743749842048,7
931,0.26558685302734375,-0.010386111214756966,31
932,0.8949565887451172,-0.16605515778064728,100
933,0.14442139863967896,-0.01665189117193222,19
934,0.0863431990146637,-0.007338595110923052,13
935,0.2394440770149231,-0.0038079661317169666,28
936,0.46685272455215454,-0.05093207582831383,52
937,0.19908520579338074,-0.053508222103118896,24
938,0.6944135427474976,-0.003144688904285431,76
939,0.0203547403216362,-0.004530746024101973,6
940,0.057672470808029175,-0.0015803244896233082,10
941,0.33068400621414185,-0.048526689410209656,42
942,0.04670074209570885,-0.002092247363179922,9
943,0.12512728571891785,-0.002958499127998948,17
944,0.4704151451587677,-0.00538281723856926,53
945,0.12315670400857925,-0.006218882743269205,17
946,0.29627376794815063,-0.0039106812328100204,34
947,0.3358533978462219,-0.008389871567487717,38
948,0.0958918035030365,-0.0035739445593208075,14
949,0.25916609168052673,-0.0056488593108952045,30
950,0.43974050879478455,-0.0669904425740242,49
951,0.12794040143489838,-0.024402650073170662,17
952,0.1386755108833313,-0.005860170815140009,18
953,0.08643913269042969,-0.0016872880514711142,13
954,0.26757341623306274,-0.1262470930814743,31
955,0.011920161545276642,-0.004764914978295565,5
956,0.26925793290138245,-0.12876355648040771,31
957,0.6445953249931335,-0.007188610732555389,71
958,0.6842157244682312,-0.010946488007903099,77
959,0.011898208409547806,-0.011403443291783333,5
960,0.2677736282348633,-0.01165747083723545,31
961,0.09482796490192413,-0.002389914356172085,14
962,0.09632238000631332,-0.0027645009104162455,14
963,0.15726934373378754,-0.018012061715126038,20
964,0.4793805778026581,-0.05331102013587952,53
965,0.117039754986763,-0.02800682745873928,16
966,0.127957284450531,-0.009856609627604485,17
967,0.2173430472612381,-0.01637483760714531,26
968,0.19041526317596436,-0.011415896005928516,23
969,0.01188202016055584,-0.005644588265568018,5
970,0.584271252155304,-0.4078391492366791,69
971,0.22729390859603882,-0.02283015288412571,27
972,0.29710668325424194,-0.008409155532717705,34
973,0.020143400877714157,-0.015760302543640137,6
974,-0.013558019883930683,-0.002228705445304513,2
975,0.5359248518943787,-0.014560860581696033,59
976,0.28728923201560974,-0.003870865097269416,33
977,0.2676626443862915,-0.2536396086215973,31
978,0.2871367335319519,-0.04792091250419617,33
979,0.295395165681839,-0.015424288809299469,34
980,0.1845552623271942,-0.029506081715226173,23
981,0.29801928997039795,-0.15311972796916962,34
982,0.5208210349082947,-0.06084342673420906,57
983,0.2765677571296692,-7.794480323791504,32
984,0.19704551994800568,-0.11275801807641983,24
985,0.083183653652668,-5.047355651855469,13
986,0.3903483748435974,-0.005251618567854166,44
987,0.22710663080215454,-0.02417609468102455,27
988,0.20844975113868713,-0.024514777585864067,25
989,0.17985276877880096,-0.03234049677848816,22
990,0.3685014545917511,-0.006476592272520065,42
991,0.06560246646404266,-0.11816198378801346,11
992,0.2877635359764099,-0.0030610007233917713,33
993,0.07761017978191376,-0.003851066343486309,12
994,0.09688805788755417,-0.01585288718342781,14
995,0.21549053490161896,-0.007421161513775587,26
996,0.22782933712005615,-0.07021475583314896,27
997,0.22015514969825745,-0.008635152131319046,26
998,0.1381899118423462,-0.006342935375869274,18
999,0.19832539558410645,-0.001710689626634121,24
1000,0.16953563690185547,-0.13106147944927216,24
1001,0.3832522928714752,-0.00804012082517147,43
1002,0.37394124269485474,-0.005588594824075699,42
1003,0.395283579826355,-0.010033881291747093,45
1004,0.2682152986526489,-0.0012870591599494219,31
1005,0.6471056938171387,-0.030079619958996773,70
1006,0.2977164089679718,-0.02489093504846096,34
1007,0.02034376747906208,-0.022179262712597847,6
1008,0.04768875986337662,-0.001490362803451717,9
1009,-0.005241824313998222,-0.0007223807042464614,3
1010,0.2488470822572708,-0.010755584575235844,29
1011,0.1179659366607666,-0.004311395809054375,16
1012,0.46643781661987305,-0.0021093073301017284,52
1013,0.0760287195444107,-0.04365067556500435,12
1014,0.13717563450336456,-0.002685257000848651,18
1015,0.07645344734191895,-0.008595133200287819,12
1016,0.16793134808540344,-0.030887175351381302,21
1017,0.34642791748046875,-0.04630984365940094,39
1018,0.06720492988824844,-0.01172503363341093,11
1019,0.5540735721588135,-0.021381061524152756,61
1020,0.2481953203678131,-0.02718195505440235,29
1021,0.11584673821926117,-0.023613758385181427,16
1022,0.8132036328315735,-0.011818083003163338,90
1023,0.21854190528392792,-0.1282806694507599,26
1024,0.0739949643611908,-0.0028781325090676546,12
1025,0.06468304991722107,-0.014022688381373882,11
1026,0.36971616744995117,-0.007943066768348217,42
1027,1.1004855632781982,-0.22890916466712952,120
1028,0.09757126122713089,-0.013933377340435982,14
1029,0.0832333117723465,-0.01749594323337078,13
1030,0.40316709876060486,-0.027125883847475052,46
1031,0.037751756608486176,-0.012523986399173737,8
1032,0.13722071051597595,-0.02928471565246582,18
1033,0.7624650597572327,-0.06859448552131653,83
1034,0.4359056353569031,-6.414344534277916e-05,53
1035,0.0672939345240593,-0.0065963189117610455,11
1036,0.13811716437339783,-0.09131089597940445,18
1037,0.7249391078948975,-0.25909125804901123,80
1038,0.08823463320732117,-0.002676383126527071,13
1039,0.18673594295978546,-0.13290049135684967,23
1040,0.2168406844139099,-0.022532733157277107,26
1041,0.2186969369649887,-0.009966576471924782,26
1042,0.4999699592590332,-0.011800006963312626,56
1043,0.31593191623687744,-0.059577301144599915,36
1044,0.1065622866153717,-0.003926274832338095,15
1045,0.44125768542289734,-0.07418979704380035,50
1046,0.20726794004440308,-0.0165475495159626,25
1047,0.08596646785736084,-0.011140206828713417,13
1048,0.07471804320812225,-0.08514545857906342,12
1049,0.03894921764731407,-0.003985542804002762,8
1050,0.36557537317276,-0.015822026878595352,41
1051,0.5630567669868469,-0.00985915120691061,62
1052,0.3958914577960968,-0.03571387380361557,45
1053,0.12508101761341095,-0.01968785747885704,17
1054,0.2763528823852539,-0.10088161379098892,32
1055,0.5939221382141113,0.0018370216712355614,68
1056,0.1967976987361908,-0.19905634224414825,24
1057,0.1802072376012802,-0.014782685786485672,22
1058,0.03843966871500015,-0.009066096507012844,8
1059,0.057061053812503815,-0.0032441497314721346,10
1060,0.3459109961986542,-0.006827692501246929,39
1061,0.06563490629196167,-0.0059991925954818726,11
1062,0.048278361558914185,-0.02031859941780567,9
1063,0.2552092373371124,-0.1914723813533783,30
1064,0.1438334733247757,-0.34184592962265015,19
1065,0.06645471602678299,-0.16251592338085175,11
1066,0.495028018951416,-6.617667198181152,55
1067,0.056860022246837616,-0.012062259018421173,10
1068,0.23829394578933716,-0.12628111243247986,28
1069,0.028444083407521248,-0.030974794179201126,7
1070,0.6298327445983887,-0.082785964012146,70
1071,0.7141997218132019,-0.15864644944667816,77
1072,0.06589195877313614,-0.08326514810323715,11
1073,0.24820487201213837,-0.09435012191534042,29
1074,0.09664229303598404,-0.06900191307067871,14
1075,0.13478876650333405,-0.21551400423049927,18
1076,0.020214613527059555,-0.006784524768590927,6
1077,1.1780225038528442,-2.343787670135498,125
1078,0.09386071562767029,-0.6605609059333801,14
1079,0.10427384823560715,-0.1163787916302681,15
1080,0.40710002183914185,-0.05029402673244476,46
1081,0.11679825931787491,-0.008686758577823639,16
1082,0.040818363428115845,-3.6106836795806885,8
1083,0.14162999391555786,-3.652871608734131,18
1084,0.732439398765564,-0.06145255267620087,80
1085,0.3336390554904938,-0.17748741805553436,38
1086,0.029297908768057823,-0.014612659811973572,7
1087,0.1936267465353012,-7.952692985534668,24
1088,0.15820099413394928,-0.0698247030377388,20
1089,0.2962995171546936,-0.04128272458910942,34
1090,0.0034329406917095184,-0.01838110387325287,4
1091,0.2769356966018677,-0.09672939777374268,32
1092,0.5920484066009521,-0.22345831990242004,69
1093,0.2570127546787262,-0.13467183709144592,30
1094,0.1568518429994583,-0.27779290080070496,20
1095,0.10494400560855865,-0.44208836555480957,15
1096,0.13589632511138916,-0.03216680511832237,18
1097,0.1864980310201645,-0.028092466294765472,23
1098,0.02054058015346527,-0.01026695966720581,6
1099,0.27834901213645935,-0.5493078827857971,32
1100,0.12288649380207062,-9.966480255126953,16
1101,0.13713493943214417,-0.055403511971235275,18
1102,0.2681138217449188,-0.04334878548979759,31
1103,0.09670571982860565,-0.010670378804206848,14
1104,0.5418125987052917,-0.35978737473487854,60
1105,0.31628990173339844,-0.02948630228638649,36
1106,0.28706687688827515,-0.16318927705287933,33
1107,0.1160077452659607,-0.028319930657744408,16
1108,0.020611504092812538,-0.11219599097967148,6
1109,0.1571170687675476,-0.44201794266700745,20
1110,0.7418022155761719,-0.10713008046150208,80
1111,0.2592133581638336,-0.6783950924873352,30
1112,0.1590265929698944,-0.02135663852095604,20
1113,0.3064834475517273,-6.3510870933532715,35
1114,0.13170886039733887,-3.0186119079589844,17
1115,0.1668854057788849,-0.01914306730031967,21
1116,0.15634070336818695,-0.1267285943031311,20
1117,0.2590111792087555,-0.053312093019485474,30
1118,0.429110586643219,-0.040452130138874054,48
1119,0.13751071691513062,-0.009671846404671669,18
1120,1.1035521030426025,-0.23757414519786835,119
1121,0.14690981805324554,-0.01894145831465721,19
1122,0.44051504135131836,-0.37705498933792114,53
1123,0.20814037322998047,-0.2644495666027069,25
1124,0.44093820452690125,-1.3912620544433594,53
1125,0.5750288367271423,-0.09084346145391464,63
1126,0.2948726415634155,-0.21200783550739288,34
1127,0.15039880573749542,-3.666567087173462,19
1128,0.1162826269865036,-0.31216666102409363,16
1129,0.2681424915790558,-3.7789762020111084,31
1130,0.199540913105011,-0.08947272598743439,24
1131,0.19918718934059143,-13.289057731628418,24
1132,0.01180792972445488,-0.020345618948340416,5
1133,0.40906524658203125,-4.449244022369385,46
1134,0.036760613322257996,-0.3849928379058838,8
1135,0.038256704807281494,-0.27834728360176086,8
1136,-0.013511577621102333,-0.06051469221711159,2
1137,0.34172260761260986,-0.1393362283706665,39
1138,0.17738671600818634,-5.878567218780518,22
1139,0.2880011796951294,-1.6718577146530151,33
1140,0.08436869829893112,-3.4464800357818604,13
1141,0.25822529196739197,-4.553109169006348,30
1142,0.4719913601875305,-0.22249916195869446,52
1143,0.3818916380405426,-0.03534068539738655,43
1144,0.092935711145401,-2.8471438884735107,13
1145,0.08038894832134247,-5.694211006164551,12
1146,0.2881097197532654,-3.7880399227142334,33
1147,0.16960352659225464,-0.23039160668849945,21
1148,0.07711975276470184,-0.10100848227739334,12
1149,0.29665371775627136,-0.034809667617082596,34
1150,0.24954408407211304,-0.10990694165229797,29
1151,0.15304800868034363,-0.034697432070970535,20
1152,0.12663958966732025,-0.2294141799211502,17
1153,0.1793682724237442,-0.15299315750598907,22
1154,0.07728546857833862,-0.07879295200109482,12
1155,0.12618868052959442,-0.036201946437358856,17
1156,0.1869090348482132,-0.2787456214427948,23
1157,0.25763848423957825,-0.11324229836463928,30
1158,0.27802518010139465,-0.5067383050918579,32
1159,0.3811805546283722,-3.745798110961914,43
1160,0.020193874835968018,-0.013902833685278893,6
1161,0.0031809844076633453,-0.04967227578163147,4
1162,0.11208156496286392,-0.17638015747070312,17
1163,0.4488987326622009,-0.10826233774423599,50
1164,0.20663295686244965,-11.548196792602539,25
1165,0.05128969997167587,-2.6293935775756836,9
1166,0.13322103023529053,-3.8131461143493652,17
1167,0.09700525552034378,-0.005724940914660692,14
1168,0.5883766412734985,-0.18604891002178192,65
1169,0.11556873470544815,-0.31137731671333313,16
1170,0.10519082844257355,-0.01947857066988945,15
1171,0.08692696690559387,-0.0011632787063717842,13
1172,0.1846705973148346,-0.021158521994948387,23
1173,0.1214393898844719,-0.023230208083987236,17
1174,0.10712820291519165,-0.02528003789484501,15
1175,0.04655122756958008,-6.159040927886963,9
1176,0.2093013972043991,-0.05023122951388359,25
1177,0.0381217785179615,-0.018810447305440903,8
1178,0.6672008037567139,-0.14284835755825043,72
1179,0.7476212382316589,-0.24285881221294403,81
1180,0.23903203010559082,-0.05493754521012306,28
1181,0.2971474528312683,-0.014275518245995045,34
1182,0.10461228340864182,-0.007294824812561274,15
1183,0.11505907773971558,-0.08438359946012497,16
1184,0.09786389768123627,-0.002654816722497344,14
1185,0.13804227113723755,-0.010448195971548557,18
1186,0.25438693165779114,-0.06759966909885406,33
1187,0.38297900557518005,-0.07042178511619568,43
1188,0.09465353190898895,-0.0784812942147255,14
1189,0.12824997305870056,-0.003112141042947769,17
1190,0.493798166513443,-0.019143810495734215,56
1191,0.3656056523323059,-0.06319868564605713,41
1192,0.18417313694953918,-0.02012154646217823,23
1193,0.003446783870458603,-0.0010254887165501714,4
1194,0.49603718519210815,-0.03042777068912983,55
1195,0.6110469102859497,-0.3255451023578644,67
1196,0.355910986661911,-0.5322421193122864,40
1197,0.21635481715202332,-0.018225373700261116,26
1198,0.5384672284126282,-0.3046669661998749,59
1199,0.2575637698173523,-0.07062709331512451,30
1200,0.18567366898059845,-0.14979049563407898,23
1201,0.29680612683296204,-0.006592161953449249,34
1202,0.3260990381240845,-0.13129468262195587,37
1203,0.3932536840438843,-1.0663628578186035,44
1204,0.16782812774181366,-0.014776453375816345,21
1205,0.2972281575202942,-0.1360292285680771,34
1206,0.06485982239246368,-3.0377440452575684,11
1207,0.012068726122379303,-0.0014180090511217713,5
1208,0.046042099595069885,-2.7714900970458984,9
1209,0.19740042090415955,-0.0038668669294565916,24
1210,0.11406389623880386,-0.06916967034339905,16
1211,0.04967593401670456,-3.981717348098755,9
1212,0.039031993597745895,-4.331244468688965,8
1213,-0.005092879757285118,-0.03783753886818886,3
1214,0.3900364935398102,-0.026932351291179657,44
1215,0.1954512745141983,-0.14260739088058472,24
1216,0.8972576260566711,-0.03355921432375908,97
1217,0.21904288232326508,-0.015631187707185745,26
1218,0.05675274878740311,-0.19703416526317596,10
1219,0.04081614315509796,-3.695241689682007,8
1220,0.06605513393878937,-0.056696344166994095,11
1221,0.3866090476512909,-0.06009712442755699,44
1222,0.05004684627056122,-0.7672970294952393,9
1223,0.13270866870880127,-7.592199325561523,17
1224,0.1945788562297821,-0.008128964342176914,24
1225,0.2677772343158722,-0.12804165482521057,31
1226,0.2486869841814041,-0.017351821064949036,29
1227,0.08562204986810684,-0.0018959416775032878,13
1228,0.13747042417526245,-0.011507883667945862,18
1229,0.4753733277320862,-0.08128213882446289,54
1230,0.1143355593085289,-0.0022116624750196934,16
1231,0.24865438044071198,-0.0035816424060612917,29
1232,0.13538892567157745,-0.00939041655510664,18
1233,0.5076455473899841,-0.07855616509914398,56
1234,0.30700647830963135,-0.039362139999866486,35
1235,0.1572732925415039,-0.1226358637213707,20
1236,0.07579010725021362,-0.0019500736379995942,12
1237,0.13864441215991974,-0.027805298566818237,18
1238,0.06623537838459015,-0.0004349046212155372,11
1239,0.33537113666534424,-0.181182861328125,38
1240,0.003130398690700531,-0.001321572344750166,4
1241,0.1465131938457489,-0.007397192530333996,19
1242,0.08578826487064362,-0.02328508533537388,13
1243,0.21888887882232666,-0.0685814768075943,26
1244,0.15818962454795837,-0.006506638135761023,20
1245,0.467052161693573,-0.028355935588479042,53
1246,0.05712093040347099,-0.0005150712677277625,10
1247,0.33525049686431885,-0.01844416745007038,38
1248,0.1657922863960266,-0.025481056421995163,21
1249,0.4040292799472809,-0.009137150831520557,45
1250,0.26780617237091064,-0.4413551092147827,31
1251,0.02899169735610485,-0.027751822024583817,7
1252,0.3724031448364258,-0.01871110498905182,42
1253,0.1548675149679184,-0.004371832124888897,20
1254,0.06459400057792664,-0.004289408214390278,11
1255,0.16047725081443787,-0.004257137421518564,20
1256,0.16744205355644226,-0.03019837476313114,21
1257,0.23681402206420898,-0.0041419100016355515,28
1258,0.07670171558856964,-0.0011015807976946235,12
1259,0.6752780079841614,-0.03742643818259239,73
1260,0.05804731696844101,-0.0033976633567363024,10
1261,-0.013508083298802376,-0.013206647709012032,2
1262,0.16850914061069489,-0.05181923881173134,21
1263,0.10311020165681839,-0.021303392946720123,15
1264,0.20863237977027893,-0.13703152537345886,25
1265,0.0031212996691465378,-0.0018986747600138187,4
1266,-0.005165807902812958,-0.007981613278388977,3
1267,0.029822025448083878,-0.941027820110321,7
1268,0.2774028778076172,-0.12075447291135788,32
1269,0.1778440773487091,-0.003414497245103121,22
1270,0.7494375705718994,-0.012340396642684937,82
1271,0.11316843330860138,-0.006010737270116806,16
1272,0.41742855310440063,-0.11557731032371521,47
1273,0.1356038749217987,-0.007436031941324472,18
1274,0.3154999911785126,-0.013539922423660755,36
1275,0.03864462301135063,-12.17539119720459,8
1276,0.3241584897041321,-0.020149841904640198,37
1277,0.1377781480550766,-0.011708161793649197,18
1278,0.7140558362007141,-0.13489940762519836,78
1279,0.1639629304409027,-0.012866586446762085,21
1280,0.04753931611776352,-0.0010079221101477742,9
1281,0.039114050567150116,-0.002181651070713997,8
1282,0.11665157973766327,-0.0131281279027462,16
1283,0.05582854896783829,-0.09753525257110596,10
1284,-0.013510950841009617,-0.003813986200839281,2
1285,0.09704979509115219,-0.001273453002795577,14
1286,0.10531876981258392,-0.001230955240316689,15
1287,0.24930709600448608,-0.030344238504767418,29
1288,0.30701035261154175,-0.38012173771858215,35
1289,0.25762417912483215,-0.004305742215365171,30
1290,0.10684986412525177,-0.0005373056628741324,15
1291,0.17405836284160614,-0.02266225963830948,22
1292,0.09498845785856247,-0.18159708380699158,14
1293,0.2950058579444885,-0.020894551649689674,34
1294,0.4683780074119568,-1.775153636932373,52
1295,0.2772398889064789,-0.09991908818483353,32
1296,0.24918179214000702,-0.014244353398680687,29
1297,0.42069005966186523,-0.019111189991235733,47
1298,0.07594292610883713,-0.024372804909944534,12
1299,0.15695270895957947,-5.302790641784668,20
1300,0.11647016555070877,-0.022483941167593002,16
1301,0.3461800813674927,-0.026610523462295532,39
1302,0.2673299014568329,-0.005209540482610464,31
1303,0.17391477525234222,-0.027774576097726822,22
1304,0.10671954602003098,-4.93804931640625,15
1305,0.12385215610265732,-0.010653164237737656,17
1306,0.18731161952018738,-0.013587133958935738,23
1307,0.055457308888435364,-0.01256290078163147,10
1308,0.0453471913933754,-3.95554518699646,9
1309,0.028874872252345085,-0.01428303774446249,7
1310,0.14607389271259308,-0.001192739699035883,19
1311,0.306930273771286,-0.03226127475500107,35
1312,0.2685970366001129,-0.022213250398635864,31
1313,0.25653374195098877,-0.0020174835808575153,30
1314,0.04766867309808731,-0.034033674746751785,9
1315,0.267718642950058,-0.004187234211713076,31
1316,0.18704888224601746,-0.1926753968000412,23
1317,0.2873689532279968,-0.0035900603979825974,33
1318,0.08777350932359695,-0.0012505362974479795,13
1319,0.4994219243526459,-0.02161903865635395,59
1320,1.0886726379394531,-0.01866520754992962,118
1321,0.2774031162261963,-0.0013186234282329679,32
1322,0.227449432015419,-0.00011228943185415119,27
1323,0.05755011737346649,-0.0006007186020724475,10
1324,0.21689097583293915,-0.00018995749996975064,26
1325,0.1669439673423767,-0.0006732214824296534,21
1326,0.2674574553966522,-0.00635784724727273,31
1327,0.22933191061019897,-0.0019069720292463899,27
1328,1.6182268857955933,-0.0021854345686733723,171
1329,0.25739869475364685,-0.007293322589248419,30
1330,0.0575471892952919,-0.002260009991005063,10
1331,0.48978930711746216,-0.002053876407444477,58
1332,0.25850844383239746,-0.0023488060105592012,30
1333,0.03791883960366249,-0.08057470619678497,8
1334,0.5403547286987305,-0.8149750828742981,60
1335,0.06479130685329437,-0.00829559937119484,11
1336,0.36645323038101196,-0.05979277566075325,41
1337,0.16527310013771057,-0.004098804667592049,21
1338,0.7737957835197449,-0.05028808116912842,86
1339,0.028950590640306473,-0.011640876531600952,7
1340,0.27643275260925293,-0.006280279252678156,32
1341,0.1571407914161682,-0.003807270200923085,20
1342,0.25746139883995056,-0.0009032146772369742,30
1343,0.30000483989715576,-0.016231583431363106,39
1344,0.06743192672729492,-0.002179125789552927,11
1345,0.20671497285366058,-0.008552507497370243,25
1346,0.14336229860782623,-0.009859400801360607,19
1347,0.1059570237994194,-0.005052661057561636,15
1348,0.08506406843662262,-0.0008080755942501128,13
1349,0.14361721277236938,-0.007003806531429291,19
1350,0.2572556436061859,-0.3214956820011139,30
1351,0.06672772765159607,-0.00039854770875535905,11
1352,0.24472135305404663,-0.009885421022772789,29
1353,0.15759719908237457,-0.0009124772623181343,20
1354,0.5234355926513672,-0.0008880536770448089,58
1355,0.1722605973482132,-0.010102410800755024,22
1356,0.029138892889022827,-1.6774208545684814,7
1357,0.6818565726280212,-0.03518456965684891,78
1358,0.2878403663635254,-3.244196891784668,33
1359,0.020739786326885223,-0.003846207167953253,6
1360,0.17876315116882324,-0.012532674707472324,22
1361,0.32599490880966187,-0.0013698810944333673,37
1362,0.0560898557305336,-0.11137351393699646,10
1363,0.33331799507141113,-0.01300888042896986,38
1364,0.2099379152059555,-0.007157190702855587,25
1365,0.13917069137096405,-0.0014535895315930247,18
1366,0.6290475130081177,-0.018377134576439857,70
1367,0.38534390926361084,-0.011010317131876945,48
1368,0.12372859567403793,-0.015823686495423317,17
1369,0.16519325971603394,-0.0017471032915636897,21
1370,0.3169974684715271,-0.007505067158490419,36
1371,0.17764058709144592,-0.008689713664352894,22
1372,0.2770293653011322,-0.02309238165616989,32
1373,0.36410847306251526,-0.21747028827667236,41
1374,0.6899767518043518,-0.012694706209003925,76
1375,0.3763572871685028,-0.004105819389224052,42
1376,0.3162834644317627,-0.0048691569827497005,36
1377,0.0120713971555233,-0.0014125029556453228,5
1378,0.05648376792669296,-0.0037315452937036753,10
1379,0.25911134481430054,-0.0020306191872805357,30
1380,0.4488629400730133,-0.010736675933003426,50
1381,0.4201873540878296,-0.00264842645265162,47
1382,0.04746684432029724,-0.0006954734562896192,9
1383,0.7659377455711365,-0.006225061137229204,84
1384,0.13558882474899292,-0.0010393962729722261,18
1385,0.10815458744764328,-0.002174616791307926,15
1386,0.4509004056453705,-0.003506134497001767,50
1387,0.3242930471897125,-0.0072696576826274395,37
1388,0.13579979538917542,-0.0006695811171084642,18
1389,0.2565714418888092,-0.019087957218289375,30
1390,0.3174213171005249,-0.06493376940488815,36
1391,0.3732350468635559,-0.03202005475759506,42
1392,0.3707374930381775,-0.026568807661533356,42
1393,0.18818044662475586,-0.21373558044433594,23
1394,0.3248022794723511,-0.0698327049612999,37
1395,0.23820661008358002,-0.04215988144278526,28
1396,0.28751957416534424,-0.044102802872657776,33
1397,0.06484328210353851,-0.010413837619125843,11
1398,0.1263483762741089,-0.0018538730219006538,17
1399,0.0972135066986084,-0.0030220476910471916,14
1400,0.32574358582496643,-0.0012482873862609267,37
1401,0.10362933576107025,-0.011812525801360607,15
1402,0.09568458795547485,-0.003189546288922429,14
1403,0.37977397441864014,-0.3568957448005676,43
1404,0.5097144246101379,-0.12598909437656403,56
1405,0.1991117149591446,-0.007253606338053942,24
1406,-0.013518187217414379,-0.004017853178083897,2
1407,0.09581082314252853,-0.0063467444851994514,14
1408,0.05655846744775772,-0.007599431090056896,10
1409,0.06724021583795547,-0.014576089568436146,11
1410,0.047685012221336365,-0.018040146678686142,9
1411,0.22414913773536682,-0.0527973510324955,30
1412,0.3731714189052582,-0.04108642041683197,42
1413,0.40715545415878296,-0.0022830551024526358,46
1414,0.2681799829006195,-0.32693859934806824,31
1415,0.29638031125068665,-0.0045934575609862804,34
1416,0.2682328522205353,-0.5261514782905579,31
1417,0.1861906796693802,-0.16193507611751556,23
1418,0.11524005234241486,-0.0038495955523103476,16
1419,0.12647482752799988,-0.011482716538012028,17
1420,0.17939400672912598,-3.7139697074890137,22
1421,0.15799656510353088,-0.01172694843262434,20
1422,0.32047155499458313,-0.023336322978138924,41
1423,0.18609565496444702,-0.053094081580638885,23
1424,0.3160705268383026,-0.003073550760746002,36
1425,0.6476408243179321,-0.006151300389319658,75
1426,0.17476975917816162,-0.10220734775066376,22
1427,0.3437875509262085,-0.0027025227900594473,39
1428,0.20868642628192902,-0.0021601549815386534,25
1429,0.2057749330997467,-0.010937811806797981,25
1430,0.055340930819511414,-0.013848846778273582,10
1431,0.02903556078672409,-0.02622847631573677,7
1432,0.9674530625343323,-0.002852527191862464,104
1433,0.35435032844543457,-0.027360016480088234,40
1434,0.2287607342004776,-0.000921448809094727,27
1435,0.6649451851844788,-0.45173636078834534,74
1436,0.07557280361652374,-0.004899891093373299,12
1437,0.06544537097215652,-0.03816201910376549,11
1438,0.01176542416214943,-0.07243555784225464,5
1439,0.03940071165561676,-0.0021272136364132166,8
1440,0.038204990327358246,4.202226638793945,8
1441,0.0380123034119606,-4.721126079559326,8
1442,0.4176825284957886,-0.09732875972986221,47
1443,0.04634232446551323,-0.0350903645157814,9
1444,0.3061509430408478,-0.019047116860747337,35
1445,0.2690020501613617,-0.04469986632466316,31
1446,0.5334181785583496,-0.24431581795215607,59
1447,0.2673971354961395,-0.004605882801115513,31
1448,0.12724365293979645,-0.00205854675732553,17
1449,0.477622926235199,-0.014699975028634071,53
1450,0.27636218070983887,-0.27186819911003113,32
1451,0.6523680090904236,-0.030410287901759148,72
1452,0.03815154358744621,-0.0032259044237434864,8
1453,0.046939317137002945,-0.006793041247874498,9
1454,0.20786401629447937,-0.7630791068077087,25
1455,0.2884717285633087,-0.11500657349824905,33
1456,0.189169242978096,-0.08313704282045364,23
1457,0.5463437438011169,-0.47562944889068604,60
1458,0.11529101431369781,-0.2443309873342514,16
1459,0.03781840205192566,-0.18383967876434326,8
1460,0.10351072251796722,-0.17993789911270142,16
1461,0.0030417144298553467,0.863956093788147,4
1462,0.3205716609954834,-0.07831273972988129,41
1463,0.24728474020957947,-4.904025554656982,29
1464,0.45981064438819885,-0.47831615805625916,52
1465,0.24820828437805176,-0.01996651664376259,29
1466,0.10617004334926605,-0.3119112551212311,15
1467,0.32691094279289246,-0.028751535341143608,37
1468,0.4441741704940796,-0.8075535297393799,55
1469,0.9165445566177368,-0.05894487351179123,101
1470,0.011747756972908974,-0.0028695210348814726,5
1471,0.18836303055286407,-0.011698655784130096,23
1472,0.08509806543588638,-0.01611243560910225,13
1473,0.10736639052629471,-0.03528449684381485,15
1474,0.066419318318367,-0.698311448097229,11
1475,0.05610019713640213,-0.008657392114400864,10
1476,0.05596445873379707,-0.013150536455214024,10
1477,0.1967594176530838,-0.0335092768073082,24
1478,0.2555192708969116,-0.2620983421802521,30
1479,0.16004955768585205,-0.03870854154229164,20
1480,0.10915248095989227,-0.0798671543598175,15
1481,0.15858814120292664,-0.16204559803009033,20
1482,0.029767274856567383,0.20032751560211182,7
1483,0.23640665411949158,-0.15645161271095276,28
1484,0.4013524353504181,-0.6402594447135925,45
1485,0.020565152168273926,-0.03946702927350998,6
1486,0.1850968599319458,-0.04720035940408707,23
1487,0.3461856245994568,-0.015498526394367218,39
1488,0.1473068743944168,-0.1676676869392395,19
1489,0.3854793310165405,-0.12489010393619537,44
1490,0.07356828451156616,-0.3656620979309082,12
1491,0.1468365639448166,-0.09378442913293839,19
1492,0.12547460198402405,-0.01418990083038807,17
1493,0.4568592607975006,-0.3962434232234955,51
1494,0.02872544527053833,-0.012188607826828957,7
1495,0.15507593750953674,-0.2810250520706177,20
1496,0.12492755055427551,-0.02535722218453884,17
1497,0.46095705032348633,-0.31720107793807983,51
1498,0.07729069143533707,-2.6221261024475098,12
1499,0.2763233184814453,-0.08863846212625504,32
1500,0.39405256509780884,-0.31316182017326355,44
1501,0.1433180719614029,-3.680532217025757,18
1502,0.5226095914840698,-3.1625778675079346,58
1503,0.11556649208068848,-0.028542013838887215,16
1504,0.2494596242904663,-0.05945681408047676,29
1505,0.019819440320134163,-0.7761040925979614,6
1506,0.2190924882888794,-0.03362913057208061,26
1507,0.1253395825624466,-0.017812520265579224,17
1508,0.06256233900785446,-4.690237045288086,10
1509,0.17882296442985535,-4.7662129402160645,22
1510,0.16553270816802979,-0.5586671829223633,21
1511,-0.013553310185670853,-0.08132188767194748,2
1512,0.09510041028261185,-4.574721336364746,14
1513,0.2138124257326126,-7.5534539222717285,26
1514,0.24650728702545166,-0.29865744709968567,29
1515,0.07598266005516052,-1.218195915222168,12
1516,0.06537662446498871,-0.04760391637682915,11
1517,0.12509746849536896,-0.01951475627720356,17
1518,0.1531611979007721,-0.0887746587395668,20
1519,0.030241405591368675,-3.113826274871826,7
1520,0.06645280122756958,-0.014812098816037178,11
1521,0.19747309386730194,-0.003984999842941761,24
1522,1.0556684732437134,-0.17274264991283417,114
1523,0.33492833375930786,-0.11261655390262604,38
1524,0.048030734062194824,-7.43137788772583,9
1525,0.06556722521781921,-0.0483291819691658,11
1526,0.0291366558521986,-0.04485851526260376,7
1527,0.22956745326519012,-0.0321040041744709,27
1528,0.1240278035402298,-0.009411496110260487,17
1529,0.14863497018814087,-0.012406590394675732,19
1530,0.08687794953584671,-0.007609858643263578,13
1531,0.7738872766494751,-0.009563022293150425,85
1532,0.0485745370388031,-0.004456565715372562,9
1533,0.41191306710243225,-0.926983118057251,46
1534,1.1236457824707031,-0.0013668371830135584,121
1535,0.6023220419883728,-0.011183181777596474,66
1536,0.1762729436159134,-0.048737768083810806,22
1537,1.4003736972808838,-0.12040960788726807,149
1538,0.31421005725860596,-0.05075541511178017,36
1539,0.02878435142338276,-0.2360614389181137,7
1540,0.20894338190555573,-0.1669541746377945,25
1541,0.29358139634132385,-0.008354383520781994,38
1542,0.13632284104824066,-1.331268072128296,18
1543,0.06625944375991821,-0.02687353640794754,11
1544,0.11191003024578094,-1.4105377197265625,15
1545,0.29840919375419617,-4.515869617462158,34
1546,0.5067209005355835,-0.025543631985783577,56
1547,1.3691632747650146,-0.035062212496995926,145
1548,0.3784346580505371,-0.01616046205163002,43
1549,0.020103827118873596,-0.03463740646839142,6
1550,0.06697076559066772,-0.0028824410401284695,11
1551,0.3656715154647827,-0.01853274554014206,41
1552,0.1439010053873062,-0.02946752868592739,19
1553,0.3806836009025574,-0.07794170826673508,43
1554,0.2182191014289856,-0.026192612946033478,26
1555,0.4629206657409668,-0.5591835975646973,51
1556,0.056095682084560394,-0.04325056076049805,10
1557,0.05555231124162674,-0.02336573228240013,10
1558,0.0661841556429863,-0.2869469225406647,11
1559,0.09149808436632156,-3.751619338989258,13
1560,0.19680246710777283,-0.06347218155860901,24
1561,0.11309859156608582,-2.7462363243103027,15
1562,0.09613735228776932,-0.019856274127960205,14
1563,0.11643769592046738,-0.012577096000313759,16
1564,0.0954708382487297,-0.01641528494656086,14
1565,0.519295871257782,-0.09760066121816635,61
1566,0.25819218158721924,-0.029032031074166298,30
1567,0.0290508009493351,-0.006361669395118952,7
1568,0.5009307265281677,-0.007645344361662865,55
1569,0.49232709407806396,-2.6771750450134277,59
1570,0.13835509121418,-0.03165080025792122,18
1571,0.5816679000854492,-0.021672027185559273,64
1572,0.23809337615966797,-0.05282935872673988,28
1573,0.45829740166664124,-0.011001917533576488,51
1574,0.10067414492368698,-5.089320659637451,14
1575,0.23879052698612213,-0.3769993782043457,28
1576,0.11773154884576797,-0.06461352854967117,16
1577,0.08380258083343506,-0.021378956735134125,13
1578,0.7760633230209351,-0.5602273344993591,84
1579,0.25623250007629395,-1.0173627138137817,34
1580,0.0961596667766571,-0.13366380333900452,14
1581,0.47213777899742126,-0.08728701621294022,52
1582,0.1596750020980835,-0.1105472669005394,20
1583,0.19857650995254517,-0.009685106575489044,24
1584,0.32673630118370056,-0.04471287876367569,37
1585,0.3456856906414032,-0.018778445199131966,39
1586,0.1336335390806198,-0.03346729651093483,18
1587,0.05627458542585373,-5.100492477416992,10
1588,0.287844717502594,-0.06623426824808121,33
1589,0.6198672652244568,-0.021298326551914215,69
1590,0.12299694120883942,-2.2255547046661377,16
1591,0.11364732682704926,-0.35505348443984985,16
1592,0.3454053997993469,-0.2509344518184662,39
1593,0.2952103912830353,-0.24138502776622772,34
1594,0.09356900304555893,-4.836650848388672,14
1595,0.18842099606990814,-0.30283501744270325,23
1596,0.01155659556388855,-0.029152026399970055,5
1597,0.1237257570028305,-1.35659921169281,16
1598,0.3512730896472931,-0.03939073160290718,40
1599,0.14452439546585083,-0.13780924677848816,19
1600,0.05165189877152443,-0.5304871201515198,9
1601,0.11532265692949295,-0.10424218326807022,16
1602,0.029320403933525085,-0.19555263221263885,7
1603,0.12704963982105255,-0.08750263601541519,17
1604,0.10549864917993546,-0.14007480442523956,15
1605,0.13335523009300232,-4.9840850830078125,17
1606,0.05959487706422806,-0.9624636769294739,10
1607,0.25451281666755676,-0.3314608037471771,30
1608,0.14610739052295685,-1.0059229135513306,19
1609,0.4673521816730499,-0.18875443935394287,56
1610,0.3456866145133972,-0.0923830047249794,39
1611,0.31578895449638367,-0.04859984293580055,36
1612,0.2684098482131958,-0.8877431154251099,31
1613,0.04073783755302429,-3.195496082305908,8
1614,0.011905655264854431,-0.014356405474245548,5
1615,0.05583304911851883,-0.050261326134204865,10
1616,0.11589806526899338,-0.2793010473251343,16
1617,0.0764828771352768,-0.5931382179260254,12
1618,0.047193266451358795,-0.003088459838181734,9
1619,0.17750602960586548,-0.45762866735458374,22
1620,0.16880305111408234,-0.21043799817562103,21
1621,0.04113497585058212,-1.9639678001403809,8
1622,0.29161083698272705,-4.7405104637146,38
1623,0.4747316539287567,-0.4670187830924988,54
1624,0.33729711174964905,-4.766073703765869,38
1625,0.23676715791225433,-2.331423282623291,28
1626,0.15196900069713593,-2.46695876121521,19
1627,0.011420469731092453,-1.87559974193573,5
1628,0.43871134519577026,-0.04706259444355965,49
1629,0.06934508681297302,-6.0286478996276855,11
1630,0.021716177463531494,-0.7110490202903748,6
1631,0.23756413161754608,-0.016140300780534744,28
1632,0.10585302114486694,-0.3229314088821411,15
1633,0.6068298816680908,-0.6156479716300964,66
1634,0.43367907404899597,-0.24971164762973785,48
1635,0.23818537592887878,-0.4972539246082306,28
1636,0.3640747368335724,-0.1817273497581482,41
1637,0.167520210146904,-4.269407749176025,21
1638,0.10351578891277313,-1.5128110647201538,14
1639,0.21909259259700775,-2.0615291595458984,26
1640,0.019788574427366257,-5.394642353057861,6
1641,0.08622708916664124,-4.856391429901123,13
1642,0.1129692792892456,-2.2386295795440674,15
1643,0.13265955448150635,-2.42295503616333,17
1644,0.147612065076828,-0.01088355015963316,19
1645,0.4849851131439209,-3.5645792484283447,54
1646,-0.005194099619984627,-0.5342189073562622,3
1647,0.15980178117752075,-3.4126529693603516,20
1648,0.1749371886253357,-2.7792818546295166,22
1649,0.20763428509235382,-7.228323459625244,25
1650,0.1687023639678955,-0.11929376423358917,21
1651,-0.004980605095624924,-1.3304320573806763,3
1652,-0.005042709410190582,-0.5573447346687317,3
1653,0.49850836396217346,-0.23366694152355194,55
1654,0.04065047949552536,-2.6929643154144287,8
1655,0.13249868154525757,-5.611055850982666,17
1656,0.0619526281952858,-1.5812172889709473,10
1657,0.08872868120670319,-4.72369909286499,13
1658,0.021157031878829002,-1.3953920602798462,6
1659,0.1864934265613556,-0.45797860622406006,23
1660,0.34465333819389343,-0.9294834136962891,39
1661,0.05080354958772659,3.309905529022217,9
1662,0.13486506044864655,-6.640476703643799,18
1663,0.13523487746715546,-0.009561832062900066,18
1664,0.41446202993392944,-0.4369131326675415,46
1665,0.11477316915988922,-6.3396735191345215,16
1666,0.20709684491157532,-0.08497759699821472,25
1667,0.029353972524404526,-6.934510231018066,7
1668,0.106751948595047,-0.2607060968875885,15
1669,0.17524877190589905,-0.014983125030994415,22
1670,0.1774548590183258,-0.397363543510437,22
1671,0.07686033844947815,-0.06432496011257172,12
1672,0.5404326915740967,-0.057897232472896576,59
1673,0.09624069184064865,-0.5393242239952087,14
1674,0.4765394628047943,-4.180667877197266,53
1675,0.09780794382095337,-0.03948114067316055,14
1676,0.07947652041912079,-2.6222739219665527,12
1677,0.1059962809085846,-0.040021467953920364,15
1678,0.2187206745147705,-0.19916091859340668,26
1679,0.6317784190177917,-0.7863126397132874,69
1680,0.16760437190532684,-5.16898775100708,21
1681,0.3072172999382019,-5.728870391845703,35
1682,0.09638524055480957,-0.005113145802170038,14
1683,0.06780550628900528,-0.03528965637087822,11
1684,0.20909951627254486,-0.14320354163646698,25
1685,0.15139420330524445,-4.407339096069336,19
1686,0.3824816942214966,-0.006616277154535055,43
1687,0.03907977044582367,-1.448194980621338,8
1688,0.20818719267845154,-0.0008112665382213891,25
1689,-0.013466306030750275,-7.69661710364744e-05,2
1690,0.047179967164993286,-0.6569597125053406,9
1691,0.24710507690906525,-0.0015507664065808058,29
1692,0.09727425873279572,-0.004505312070250511,14
1693,0.3262246251106262,-0.18727651238441467,37
1694,0.24869145452976227,-0.003693942679092288,29
1695,0.16561606526374817,-0.006490775849670172,21
1696,0.1589348167181015,-0.0053667789325118065,20
1697,0.7671470642089844,-0.4556069076061249,84
1698,0.12820231914520264,-0.0018403305439278483,17
1699,0.046880267560482025,-0.000125245307572186,9
1700,0.3821267783641815,-0.001281784730963409,43
1701,0.23732061684131622,-0.006015388295054436,28
1702,0.41454702615737915,-0.003681995440274477,46
1703,0.10805390775203705,-4.818199157714844,15
1704,0.24796153604984283,-0.3210759460926056,29
1705,0.0955415666103363,-4.298879866837524e-05,14
1706,0.37103378772735596,-0.9347602128982544,47
1707,0.22491048276424408,-0.04538603127002716,27
1708,0.6238024234771729,-0.02498888596892357,71
1709,0.05735797807574272,-0.0890696793794632,10
1710,0.5332942008972168,-0.4505630135536194,60
1711,0.24796947836875916,-0.0003467925707809627,29
1712,0.003336278721690178,-0.001297146431170404,4
1713,0.21862542629241943,-0.0009478512802161276,26
1714,0.14364884793758392,-0.20608241856098175,19
1715,0.2879120707511902,-0.4034481942653656,33
1716,-0.013514332473278046,-0.1178613007068634,2
1717,0.1237296387553215,-0.00241965614259243,17
1718,0.4782882332801819,-0.21332478523254395,57
1719,0.13704007863998413,-0.05031333863735199,18
1720,0.21583765745162964,-0.027731703594326973,26
1721,0.454201340675354,-0.013543264009058475,51
1722,-0.005132416263222694,-0.06423173099756241,3
1723,0.1663997769355774,-0.4367544651031494,21
1724,0.10621731728315353,-0.05119644105434418,15
1725,0.5787009000778198,-0.02485024929046631,63
1726,0.17680944502353668,-5.143496990203857,22
1727,0.11322015523910522,-0.08317552506923676,16
1728,0.1330959051847458,-0.0011761058121919632,18
1729,0.30527186393737793,-0.14043940603733063,35
1730,0.1455024629831314,-0.0014601167058572173,19
1731,0.30593398213386536,-0.006097610108554363,35
1732,0.32281196117401123,-0.3852349817752838,37
1733,0.28706803917884827,-0.02929537184536457,33
1734,-0.005180057138204575,-0.004299892112612724,3
1735,0.15629562735557556,-0.003867229213938117,20
1736,0.10322660207748413,-0.03296922147274017,15
1737,0.09651656448841095,-0.010830385610461235,14
1738,0.24929390847682953,-0.1999531388282776,29
1739,0.011973071843385696,-0.2102494090795517,5
1740,0.03885778784751892,-2.4760324954986572,8
1741,0.05725502967834473,-0.0008600849541835487,10
1742,0.09419954568147659,-0.030932152643799782,14
1743,0.06486476212739944,-0.004409470595419407,11
1744,0.029563438147306442,0.7540442943572998,7
1745,0.22984623908996582,-0.6105073690414429,27
1746,0.09362936019897461,-0.004848944488912821,14
1747,0.06541121006011963,-6.019961833953857,11
1748,0.2068454772233963,-0.03589913994073868,25
1749,0.26609596610069275,-8.449305534362793,31
1750,0.038709282875061035,-0.11564406007528305,8
1751,0.3851665258407593,-0.18317070603370667,43
1752,-0.005238134413957596,-0.011982074938714504,3
1753,0.04709125682711601,-0.0142497094348073,9
1754,1.55049467086792,-0.20141203701496124,163
1755,0.3810805380344391,-0.26335152983665466,46
1756,1.1066608428955078,-0.013348513282835484,119
1757,-0.01354745402932167,-0.0003513780247885734,2
1758,0.3691253364086151,-3.467254161834717,42
1759,0.1039191484451294,-5.140097618103027,15
1760,0.1044967845082283,-0.00249203247949481,15
1761,0.3075192868709564,-0.47946256399154663,35
1762,0.05828418582677841,-0.03146781027317047,10
1763,0.972573459148407,-0.019582200795412064,104
1764,0.5747915506362915,-0.14753977954387665,63
1765,0.12473827600479126,-4.803537845611572,17
1766,0.4506458640098572,-0.05692003667354584,50
1767,0.2869325280189514,-0.002457550959661603,33
1768,0.3654225766658783,-0.27619677782058716,41
1769,0.15768767893314362,-0.13869015872478485,20
1770,0.03826555609703064,-0.0006409111083485186,8
1771,0.14877352118492126,-0.012911024503409863,19
1772,0.011850444599986076,-0.0006333011551760137,5
1773,0.36293870210647583,-0.6349321007728577,41
1774,0.18902941048145294,-0.14253857731819153,23
1775,0.28778448700904846,-0.013955322094261646,33
1776,0.45994800329208374,-0.05586273968219757,52
1777,0.02065272070467472,-0.0005529517657123506,6
1778,0.22956930100917816,-0.23562297224998474,27
1779,0.4103623628616333,-0.0025038549210876226,46
1780,0.4737873375415802,-0.3316994905471802,53
1781,0.19746039807796478,-0.0030494651291519403,24
1782,0.1528284251689911,-0.038256604224443436,20
1783,0.038000576198101044,-0.0018276580376550555,8
1784,0.037542734295129776,-0.0020760493353009224,8
1785,0.43381011486053467,-0.10432720929384232,48
1786,0.028890686109662056,-0.8543133735656738,7
1787,0.9252158999443054,-0.006542932707816362,100
1788,0.5334470868110657,-0.02760825678706169,63
1789,0.10817790031433105,-0.029717955738306046,15
1790,0.18386690318584442,-0.0032308800145983696,23
1791,0.3455612063407898,-6.539737224578857,39
1792,1.107298493385315,-0.09314408153295517,117
1793,0.33386674523353577,-0.031629614531993866,38
1794,0.09578967094421387,-2.8928897380828857,14
1795,0.11457378417253494,-0.009596495889127254,16
1796,0.03723033517599106,-0.013826336711645126,8
1797,1.129831314086914,-0.2650645077228546,123
1798,0.06591005623340607,-0.2396843135356903,11
1799,0.22820335626602173,-0.12749315798282623,27
1800,0.4320507049560547,-11.39844799041748,48
1801,0.16983726620674133,-0.11085318773984909,24
1802,0.04836765676736832,-0.004259928595274687,9
1803,0.4493870437145233,-0.0010450753616169095,50
1804,0.057379841804504395,0.00504302978515625,10
1805,0.3801552355289459,-0.5728598237037659,43
1806,0.3158758878707886,-0.07070363312959671,40
1807,0.41170448064804077,-0.4210525453090668,46
1808,0.3565705716609955,-0.015141953714191914,40
1809,0.06695055961608887,-0.0033359769731760025,11
1810,0.04738447070121765,-0.0025373324751853943,9
1811,0.3069559335708618,-0.07142984867095947,35
1812,0.23953646421432495,-0.22584521770477295,28
1813,0.09582935273647308,-0.0017288487870246172,14
1814,0.08562737703323364,-0.025135407224297523,13
1815,0.7296072840690613,-0.08204282820224762,79
1816,0.16760528087615967,-0.8349760174751282,21
1817,0.09662234783172607,-0.21901649236679077,14
1818,0.5059211850166321,-0.3094434440135956,56
1819,0.14540180563926697,-11.46369457244873,19
1820,0.05931641906499863,-4.708783149719238,10
1821,0.4380013346672058,-0.15355247259140015,49
1822,-0.005153026431798935,-1.7807680368423462,3
1823,0.11647126823663712,-0.015336323529481888,16
1824,0.9587618112564087,-0.02500971592962742,104
1825,0.3269558548927307,-0.098075732588768,37
1826,0.09310272336006165,-0.03134400025010109,14
1827,0.19016994535923004,-0.07043714076280594,23
1828,0.7755427360534668,-0.04451991245150566,84
1829,0.08429564535617828,-0.005308053456246853,13
1830,0.09593237191438675,-5.5933308601379395,14
1831,0.1998262107372284,-0.2651589810848236,24
1832,0.8056715130805969,-0.585513710975647,90
1833,0.4786306619644165,-0.2178504765033722,54
1834,0.37553924322128296,-0.18054920434951782,42
1835,0.3276057243347168,-0.2712874412536621,37
1836,0.03832942247390747,-0.014921520836651325,8
1837,0.02093823254108429,-0.026835303753614426,6
1838,-0.02177034504711628,-0.00017505056166555732,1
1839,0.11715841293334961,-0.09511162340641022,16
1840,0.1683625429868698,-0.015323096886277199,21
1841,0.11542648822069168,-0.7188097238540649,16
1842,0.11353296786546707,-3.0739994049072266,16
1843,0.028916364535689354,-0.0030560253653675318,7
1844,0.02872798778116703,-0.0029372344724833965,7
1845,0.029375549405813217,-0.026843015104532242,7
1846,0.055385980755090714,-0.21218308806419373,10
1847,0.028645966202020645,-0.0035868107806891203,7
1848,0.056446805596351624,-0.020772233605384827,10
1849,0.28693628311157227,-0.13468311727046967,33
1850,0.17791900038719177,-10.897014617919922,22
1851,0.4394095540046692,-3.391331911087036,49
1852,0.37546101212501526,-0.6362420916557312,42
1853,0.23934389650821686,-0.18935716152191162,28
1854,0.06626228988170624,-0.18001790344715118,11
1855,0.07600827515125275,-0.00892745889723301,12
1856,-0.01352978590875864,1.1949939727783203,2
1857,0.05609453096985817,-0.0075021483935415745,10
1858,0.08522684872150421,-0.26337021589279175,13
1859,0.3366071581840515,-0.025502776727080345,38
1860,0.3064463436603546,-0.023883653804659843,35
1861,0.16861362755298615,-0.2916550934314728,21
1862,0.1490188091993332,-0.019574467092752457,19
1863,0.20819687843322754,-0.2875286638736725,25
1864,0.29689931869506836,-0.06712118536233902,34
1865,0.1236027181148529,-0.0404575914144516,17
1866,0.14737407863140106,-4.615776062011719,19
1867,0.28670570254325867,-0.23942530155181885,33
1868,0.6701661944389343,-0.28521111607551575,74
1869,0.3360466957092285,-0.2281446009874344,38
1870,0.5871134400367737,-4.51816987991333,65
1871,0.2189113348722458,-0.13056688010692596,26
1872,0.1161448210477829,-10.176565170288086,16
1873,0.17492230236530304,-6.3346662521362305,22
1874,0.9769895076751709,-0.01068840455263853,106
1875,0.36160823702812195,-0.23700544238090515,41
1876,0.36472180485725403,-3.5791776180267334,41
1877,0.25842908024787903,-0.019834458827972412,30
1878,0.06497541815042496,-0.007352449465543032,11
1879,0.37617939710617065,-3.3848679065704346,42
1880,0.15524715185165405,-0.07649917900562286,20
1881,0.17897970974445343,-0.04963262006640434,22
1882,0.3359227776527405,-0.22054925560951233,43
1883,-0.013528130017220974,-0.004413113929331303,2
1884,0.3346913158893585,-0.37447941303253174,38
1885,0.06568050384521484,-2.9696412086486816,11
1886,0.39291471242904663,-0.020248040556907654,44
1887,0.15569302439689636,-2.6403892040252686,20
1888,0.047172896564006805,-0.03756233677268028,9
1889,0.3823903501033783,-0.23258806765079498,43
1890,0.6284178495407104,-0.25685110688209534,68
1891,0.2586495280265808,-0.10375595837831497,30
1892,0.1589081883430481,-0.021012000739574432,20
1893,0.1941370815038681,-0.03375541418790817,24
1894,0.20475313067436218,-5.4699320793151855,25
1895,0.21774497628211975,-0.00975972879678011,26
1896,0.7963255047798157,-0.31739693880081177,89
1897,0.8308258652687073,-0.0034851771779358387,92
1898,0.15455718338489532,-0.006112222094088793,20
1899,0.4046383202075958,-0.005641835276037455,45
1900,0.554600179195404,-0.41751328110694885,65
1901,0.07315315306186676,-0.010360434651374817,12
1902,0.11466337740421295,-0.0052417125552892685,16
1903,0.05609597638249397,-0.0025499321054667234,10
1904,0.05580039694905281,-0.02158619463443756,10
1905,0.11787082999944687,-0.009499608539044857,16
1906,0.4198905825614929,-0.11816203594207764,52
1907,0.28681570291519165,-0.012474502436816692,33
1908,0.07451754063367844,-0.047820426523685455,12
1909,0.17880217730998993,-0.034299302846193314,22
1910,0.029548995196819305,-0.02139165624976158,7
1911,0.056773629039525986,-0.010156728327274323,10
1912,0.48847129940986633,-0.5832650661468506,54
1913,0.4119970202445984,-0.038079675287008286,46
1914,0.2777163088321686,-1.1225016117095947,32
1915,0.05655251443386078,-0.10259287059307098,10
1916,0.1275704950094223,-0.09526798874139786,17
1917,0.9421772360801697,-0.37114956974983215,102
1918,0.25616228580474854,-0.008017618209123611,30
1919,0.05527812987565994,-0.007234936114400625,10
1920,0.1389133781194687,-0.08772797137498856,18
1921,0.0032436661422252655,-0.029148153960704803,4
1922,0.11685478687286377,-0.0034600100480020046,16
1923,0.49068814516067505,-0.1598569005727768,55
1924,0.2288040667772293,-0.7905780076980591,27
1925,-0.013552228920161724,-0.23779577016830444,2
1926,0.09355753660202026,-0.09058258682489395,14
1927,0.14907264709472656,-0.0634937509894371,19
1928,0.2767394185066223,-3.583730936050415,32
1929,0.2576186954975128,-5.37678861618042,30
1930,0.5823940634727478,-0.798241913318634,69
1931,0.3729091286659241,-0.3394944965839386,42
1932,0.20900572836399078,-0.08781937509775162,25
1933,0.5094059705734253,-3.807424545288086,56
1934,0.10621678829193115,-0.5937556028366089,15
1935,0.1172274723649025,-0.09453403204679489,16
1936,0.2268323004245758,-0.049159955233335495,27
1937,0.22792957723140717,-0.03881349042057991,27
1938,0.11629374325275421,-0.1156640350818634,16
1939,0.2394663244485855,-0.9736890196800232,28
1940,0.11827491223812103,-0.09358226507902145,16
1941,0.24930712580680847,-0.24861390888690948,29
1942,0.18663805723190308,-5.382153034210205,23
1943,0.970177173614502,-0.5739649534225464,105
1944,0.17577949166297913,-0.032491207122802734,22
1945,0.3450547456741333,-0.15618650615215302,39
1946,0.13295796513557434,-0.05371471121907234,18
1947,0.11795929074287415,-4.134189128875732,16
1948,0.12793289124965668,-0.07777935266494751,17
1949,0.11821655929088593,-0.030159268528223038,16
1950,0.14673827588558197,-0.008067617192864418,19
1951,0.4096538722515106,-1.8905268907546997,46
1952,0.08607784658670425,-0.012166467495262623,13
1953,0.27723366022109985,-0.2512005865573883,32
1954,0.14643140137195587,-0.3262145519256592,19
1955,0.25795310735702515,-0.07140517234802246,30
1956,0.020467117428779602,-0.13255953788757324,6
1957,0.602300763130188,-0.016506047919392586,66
1958,0.32572874426841736,-0.04830585792660713,37
1959,0.20542006194591522,-0.09588677436113358,25
1960,0.3154969811439514,-0.23136520385742188,36
1961,0.8562402129173279,-0.0649276152253151,94
1962,0.12735632061958313,-0.2213888019323349,17
1963,0.4121719002723694,-0.031406838446855545,46
1964,0.19920550286769867,-4.413620471954346,24
1965,0.28818410634994507,-0.556045413017273,33
1966,0.6448222994804382,-0.2165669947862625,71
1967,0.11409234255552292,-0.02154950238764286,16
1968,0.10520674288272858,-0.08339077234268188,15
1969,0.18666070699691772,-0.05668123811483383,23
1970,0.020343860611319542,-0.03654405102133751,6
1971,0.4099120497703552,-7.655745983123779,46
1972,0.17683081328868866,-0.1346723437309265,22
1973,0.4213885962963104,-0.24693872034549713,47
1974,0.36547738313674927,-9.707226753234863,41
1975,0.5706755518913269,-6.431308746337891,62
1976,0.048267245292663574,-0.019648492336273193,9
1977,0.22939985990524292,-0.5181761980056763,27
1978,0.18011070787906647,-0.7114574909210205,22
1979,0.012261444702744484,-1.3995485305786133,5
1980,0.15521827340126038,-0.02486516907811165,20
1981,0.38417309522628784,-0.1288164108991623,43
1982,0.08605281263589859,-0.3637237250804901,13
1983,0.4128180742263794,-0.1162140965461731,46
1984,0.06586996465921402,-0.8408554196357727,11
1985,0.41416868567466736,-5.933517932891846,46
1986,0.029072502627968788,-0.06612643599510193,7
1987,0.26618295907974243,-12.785173416137695,31
1988,0.23822085559368134,-0.4808034896850586,28
1989,0.18443670868873596,-0.8342423439025879,23
1990,0.12524676322937012,-0.35886910557746887,17
1991,1.025718331336975,-3.3870224952697754,111
1992,0.3255563974380493,-4.900520324707031,37
1993,0.11435312032699585,-0.6169270277023315,16
1994,0.10368255525827408,-0.057841166853904724,15
1995,0.49101370573043823,-3.6907901763916016,55
1996,0.18541377782821655,-0.08769157528877258,23
1997,0.46210533380508423,-0.9162756204605103,52
1998,0.361568808555603,-2.343426465988159,41
1999,0.2459315061569214,-0.39412739872932434,29
