Episode,Reward,Training_error,Duration
0,0.27789390180259943,0.009951561689376831,33
1,0.14576707128435373,0.009945018911069962,21
2,0.3838851060718298,0.009931209402723507,44
3,0.3132298160344362,0.009910811863298044,37
4,0.3148100459948182,0.009901028533014333,37
5,0.9339904757216573,0.009855850091731773,99
6,0.29036981891840696,0.009808321428214202,33
7,1.1130573935806751,0.009795103587496391,117
8,0.1828222442418337,0.009715185560774435,23
9,0.15217915270477533,0.009702561818454025,21
10,0.08849822729825974,0.009678250563874481,13
11,0.17644290626049042,0.009620141152995374,22
12,0.07673176843672991,0.009602408167449956,12
13,0.23293396644294262,0.009591730853970913,28
14,0.020243732258677483,0.00956802017769202,6
15,0.1339264176785946,0.009496590144075136,18
16,0.1632150337100029,0.009487634488308234,22
17,0.545357302762568,0.009509117397139966,61
18,0.15325189009308815,0.009396096031033727,20
19,0.28367200773209333,0.009404051370526254,33
20,0.21107151079922915,0.009385104093416587,26
21,0.7820233767852187,0.009267522585452739,85
22,0.4461292056366801,0.009180328598213812,50
23,0.249379001557827,0.009104050835903632,31
24,0.48575159907341003,0.008967051072355611,55
25,0.1839492516592145,0.008871304342501739,24
26,0.42966311052441597,0.008750521912761973,48
27,0.06635676603764296,0.008575009094181742,11
28,0.34384481329470873,0.008535977474921451,39
29,0.2716243891045451,0.008448321845580663,32
30,0.06705875135958195,0.008389896206166404,11
31,0.3572254301980138,0.008323425928040341,41
32,0.0034297695383429527,-0.02187502976453798,4
33,0.5641104495152831,0.008302152136221316,63
34,0.1423598974943161,0.008338682101480132,19
35,0.17134244833141565,0.008414216339194628,22
36,0.20816573686897755,0.00839860701706068,26
37,0.659617343917489,0.008346074778891316,71
38,-0.013479787856340408,0.008314015274164008,2
39,0.2560901427641511,0.008359447797649449,31
40,0.34613136388361454,0.008321314687465579,40
41,0.26759576238691807,0.008292833587756739,32
42,0.22390785068273544,0.008311235484247717,27
43,0.16613617818802595,0.008401699676001028,21
44,0.029065663926303387,0.0084211302182791,7
45,0.24888245947659016,0.008365134202845206,31
46,0.22148252744227648,0.008490288461505001,28
47,0.28731784131377935,0.008477899930976451,34
48,0.5902908407151699,0.008440201875764426,65
49,0.7485036235302687,0.008438172549403789,80
50,0.37988967821002007,0.008468850483517509,43
51,0.12253174651414156,0.00834587087477903,17
52,0.16287467908114195,0.008257478467405044,22
53,0.0677202632650733,-0.021708200336903672,11
54,0.07589964754879475,0.009528875107997766,12
55,0.1581198899075389,0.009644164559309802,20
56,0.5408492023125291,0.00968473373311422,59
57,0.3625471042469144,0.009699779046496581,42
58,0.20956592727452517,0.009636126870170831,25
59,0.31019412353634834,0.00968510013304259,39
60,0.37732820585370064,0.009574464252636404,43
61,0.21331931371241808,0.009626607578438208,27
62,0.16142021492123604,0.009510570823488704,22
63,0.07788164541125298,0.009559270538926723,13
64,0.2605238752439618,0.009629520449468252,31
65,0.3116582054644823,0.009517170661218877,36
66,0.4206910850480199,0.009453740142948289,47
67,0.0033547915518283844,0.009553158013603449,4
68,0.21691333036869764,0.009417800941955353,28
69,0.011842561885714531,0.009461553419635083,5
70,0.06683972664177418,0.009469861000552669,11
71,0.5018605617806315,0.009520051581690768,55
72,0.28626344352960587,0.009447257085939175,33
73,0.3218653192743659,0.009493866807006545,37
74,0.20649336464703083,0.00955517381757621,25
75,0.17512943129986525,0.009461932877766026,22
76,0.1314590498805046,0.009433761125985058,18
77,0.5710793836042285,0.009448298432625422,64
78,0.16320687625557184,0.009453144234284373,21
79,0.2428484633564949,0.009487929475282632,30
80,0.6620367309078574,0.009500302183764811,71
81,0.1862597856670618,0.009623759935637076,23
82,0.7375217135995626,0.009612684484734076,79
83,0.05497762281447649,0.009517616614006174,10
84,0.5134997358545661,0.009592162420998815,56
85,0.19950504694133997,0.009640331497234018,25
86,0.038354650139808655,0.009600755883160488,8
87,0.3107740757986903,0.009556666335814925,37
88,0.12644172180444002,0.009609151170218813,18
89,0.8367427866905928,0.00960108097400875,90
90,0.0293447719886899,0.009159236286746536,7
91,0.31544396467506886,0.00918726334391974,37
92,0.8465774040669203,0.00894703969057279,90
93,0.1779527822509408,0.008861988983842646,23
94,0.1688502049073577,0.008612280731483185,23
95,0.6684710644185543,0.008561216413255565,72
96,0.020485609769821167,0.008365570117750652,6
97,0.29392249416559935,-0.022106406673843775,35
98,0.19441808760166168,0.009498976396055259,25
99,0.09108384605497122,0.009718519676231782,14
100,0.17701044958084822,0.009379233650600888,22
101,0.07736105844378471,0.009435284413043558,12
102,0.21382576506584883,0.009610168975560773,28
103,0.0861271321773529,0.009426070744470227,13
104,0.2604858251288533,0.009436100902763327,32
105,-0.021777687594294548,0.009589821809853826,1
106,0.28047459572553635,0.009368250338857137,33
107,0.3119531059637666,0.009530346931266987,36
108,0.9743974320590496,0.009424149724111095,103
109,-0.013514376245439053,0.009408161104442429,2
110,0.1844614129513502,0.009354971059913944,24
111,0.13677372690290213,0.009439184480797998,18
112,0.093631393276155,0.009431707679671887,14
113,0.10161212272942066,0.009406404386433708,15
114,0.654424861073494,0.009405463318599604,71
115,0.2662419844418764,0.009380182714716983,34
116,0.011736798100173473,0.00929807247865782,5
117,0.029467327520251274,0.00936514401927809,7
118,0.1269979951903224,0.009375552806923468,18
119,0.2271927883848548,0.009474396148387328,29
120,0.2556902337819338,0.009414705841717516,30
121,0.3866548063233495,0.009363944532143143,43
122,0.3445564266294241,0.009356717491958268,39
123,0.08176541794091463,0.009216131905332799,13
124,0.11023196019232273,0.00938552678391306,16
125,0.1484492151066661,0.009292760075331745,20
126,0.1264748116955161,0.009246369925411235,17
127,0.1019410127773881,0.009201554402076192,15
128,0.7259849449619651,0.009218118701971537,78
129,0.5841193599626422,0.008944827289252645,63
130,0.5742657724767923,0.008684201787648447,64
131,0.047360665164887905,0.00903592522258161,9
132,0.5026156278327107,0.008577207493347628,56
133,1.4155266843736172,0.008394744367756946,146
134,0.05582865606993437,-0.02148475210748378,10
135,0.17483948450535536,0.009932029819782797,23
136,0.44602216873317957,0.009913786088057592,52
137,0.22296275570988655,0.009930499688459004,27
138,0.41059980168938637,0.009984156309782794,47
139,0.1322112949565053,0.009906103292113633,18
140,0.5257535642012954,0.009914045082174989,58
141,0.09260747861117125,0.010057327545716917,14
142,0.33148547913879156,0.009771906739723574,38
143,0.04682312533259392,0.009827472015529902,9
144,0.35867573879659176,0.009548524616942625,42
145,0.6056017829105258,0.009431742761708762,65
146,0.10610426124185324,0.00923857327992232,15
147,0.3094057971611619,0.009586967580052558,36
148,0.028757593594491482,0.009382185732912891,7
149,0.5473697641864419,0.009631878292028896,61
150,0.04763741325587034,0.009178818667573398,9
151,0.23166322987526655,0.009079081010605934,28
152,0.43994006607681513,0.00919219409727591,49
153,0.3326632594689727,0.009285827627086945,38
154,-0.01357392966747284,0.009242937230545348,2
155,0.07171348482370377,0.009310518859904122,12
156,0.2283296026289463,0.009292005830714533,27
157,0.05538049899041653,0.00932298820740294,10
158,0.7591674709692597,0.009402384619763136,83
159,0.3685863222926855,0.009215092277125688,42
160,0.254613533616066,0.008906182036037139,30
161,0.939140903763473,0.008960541071304973,101
162,0.4238831093534827,0.00925354072980859,47
163,0.13962615095078945,0.0090977110319124,19
164,0.8086406709626317,0.009113357749956086,86
165,0.710662224330008,0.008893154184184678,76
166,0.33645880594849586,0.00872000717954158,40
167,0.15265190694481134,0.008206850379147396,20
168,0.26890096068382263,0.008334951776997973,32
169,0.2670922540128231,0.008493431693145948,34
170,1.1710507795214653,0.007984632581319885,124
171,0.21399524621665478,-0.022290578415585887,27
172,0.030287020839750767,0.00989405782132086,7
173,0.2767832577228546,0.009911607588290076,32
174,0.36977928411215544,0.009955861224702106,43
175,0.8169602258130908,0.009957175863313949,88
176,0.28811239544302225,0.009961760175105874,33
177,0.29840237461030483,0.009922583647167204,35
178,0.27871792763471603,0.010109269085115075,33
179,0.5365474503487349,0.00999013334265708,59
180,0.2575165405869484,0.009967481377141407,30
181,0.5421920530498028,0.009640173382830276,61
182,0.4909329079091549,0.010085144572090796,56
183,0.17051733378320932,0.009568652097385066,22
184,0.3063455754891038,0.00992473029242498,36
185,0.19920937903225422,0.0098466108982809,24
186,0.5159994848072529,0.010106684688179372,57
187,0.25435121171176434,0.009948885248794555,33
188,0.34003650676459074,0.009800688377727696,39
189,0.14509915001690388,0.010084525469598454,20
190,-0.005173542536795139,0.009952889431682077,3
191,0.2042065467685461,0.009801077943184319,25
192,0.09549503959715366,0.01026280537289119,14
193,0.2686350755393505,0.010143042388296686,34
194,0.1673251874744892,0.010021095529712571,23
195,0.28851765021681786,0.010063533848805855,33
196,-0.005235569551587105,0.009988705651155854,3
197,0.15042283851653337,0.010201266981784357,21
198,0.23819894902408123,0.010037736714902913,29
199,0.0728431735187769,0.00980308096035647,12
200,0.19420561380684376,0.01021688503893321,25
201,0.3932179342955351,0.010380336490825202,44
202,0.29427944030612707,0.009606538580736405,34
203,0.6948276273906231,0.010013140696658505,76
204,0.11385683435946703,0.009753566912634749,16
205,0.2664703605696559,0.009944833677650746,31
206,0.3605559905990958,0.010029024977526352,41
207,0.14055762067437172,0.01022285517303576,19
208,0.19676209054887295,0.00972339280824601,25
209,0.22064097598195076,0.009926947779168587,27
210,0.1878079753369093,0.009760122781768809,24
211,0.2164418688043952,0.009995714890158675,27
212,-0.013436214998364449,0.010064466108888045,2
213,0.6414375267922878,0.009991942956817297,71
214,0.6312811318784952,0.009775912794792974,70
215,0.404880503192544,0.009835829450290618,45
216,0.434173465706408,0.010109106791001956,48
217,0.07517590653151274,0.010291234339195961,12
218,0.8960476061329246,0.010383800775086023,95
219,0.1894318275153637,0.010057507683092869,25
220,0.7258069412782788,0.010345562372305864,78
221,0.5356499319896102,0.009727087191368645,58
222,0.26000489946454763,0.00968281160929496,31
223,0.10181725956499577,0.00969186611555693,15
224,0.3748408230021596,0.009920437392022887,44
225,0.2560490844771266,0.010437925750582229,30
226,0.5794960949569941,0.009950526277527932,63
227,0.7002708837389946,0.010403672463141111,76
228,0.40400196518749,0.009571504563296036,45
229,0.012013652361929417,0.009964363311448595,5
230,0.04673702269792557,0.010095789052698157,9
231,0.1598271792754531,0.009876604966317877,22
232,0.0728917084634304,0.00971664439890064,12
233,0.3575027547776699,0.00982596869789265,40
234,0.573989586904645,0.010056407167280236,64
235,0.2264321632683277,0.00983901332223082,28
236,0.020281275734305382,0.00972996086147043,6
237,0.03013212140649557,0.009715013684424668,7
238,0.3870718451216817,0.009727976084222897,44
239,0.19727145694196224,0.009747616757595647,25
240,0.5383816501125693,0.009749580619775244,59
241,0.6529493909329176,0.009737251628962081,71
242,0.0738202165812254,0.009550472920676999,12
243,0.3691734438762069,0.009561216699213337,43
244,0.063783660531044,0.009643875905773376,11
245,0.14939760975539684,0.009615289751353536,21
246,0.3572691734880209,0.0096778622506854,41
247,0.5636573545634747,0.009693081265796486,62
248,0.2976327994838357,0.009672016091789592,35
249,0.3614698788151145,0.00960311250160371,41
250,0.5236245766282082,0.00965388799372822,57
251,0.7031993484124541,0.009586158273779137,77
252,0.3879766343161464,0.009423795589631438,44
253,0.07932362612336874,0.009517664420210173,12
254,0.12274152878671885,0.009406425126867462,17
255,0.1224365197122097,0.009444989872843933,17
256,0.20776213891804218,0.009410908925441755,27
257,0.20815262105315924,0.009270998320436177,25
258,0.2087160786613822,0.00937326394166913,25
259,0.5775162940844893,0.009267948981472198,63
260,0.0751736294478178,0.008862652589387237,12
261,0.2588964970782399,0.008843903329685774,31
262,0.546302636153996,0.00902655762022947,61
263,0.6846468914300203,0.009340939089869344,74
264,0.5853205258026719,0.008928786641989123,65
265,0.056465694680809975,0.008694935442959927,10
266,0.22279832419008017,0.008718589688187516,28
267,0.0659731887280941,0.008502859587675386,11
268,0.011591828428208828,0.008275279662109454,5
269,0.8542061019688845,0.008192901407209154,91
270,0.17692764848470688,-0.02189656475235558,23
271,0.28717463836073875,0.009956401728243811,33
272,0.37667876575142145,0.01007995206520626,45
273,0.16839089430868626,0.009910795316727089,22
274,0.20558366365730762,0.01006327473547227,26
275,0.45401789620518684,0.009608889175363433,51
276,0.7925206758081913,0.009989534770599046,84
277,0.055899699218571186,0.010545228864398985,10
278,0.5701999804005027,0.01004636634436209,62
279,0.12455806694924831,0.009414026964313505,17
280,1.51907376665622,0.010489873254772486,158
281,0.2677327049896121,0.009742367358366325,32
282,0.41787270549684763,0.00978198470011234,46
283,0.5629580859094858,0.009801014039865047,61
284,0.5598360653966665,0.010189325222733362,61
285,0.24651715904474258,0.010048017320769598,30
286,0.045777915976941586,0.010220010754468585,9
287,0.562125988304615,0.010220441735585653,61
288,0.7016610847786069,0.010463652282051091,75
289,0.1332897311076522,0.009460691161250924,18
290,0.2258554557338357,0.009869177527340834,27
291,0.23179002199321985,0.009196640511273571,30
292,-0.005136026069521904,0.01088575115161886,3
293,0.07128061540424824,0.009791134987762276,12
294,0.10120354779064655,0.010878729431942579,15
295,0.11848458182066679,0.00835526202489658,17
296,0.421295166015625,0.008843736358062923,50
297,0.23411591723561287,0.009688635206575645,28
298,0.2700615832582116,0.00910349681728172,32
299,0.20652768947184086,0.008234356636224094,26
300,0.3688729265704751,0.007945386483889488,42
301,-0.0052347974851727486,0.00844422226615196,3
302,0.01201242208480835,0.007315459557954986,5
303,0.08099763095378876,-0.02113028099527471,13
304,0.21371121052652597,0.009986849136082032,26
305,0.3791095409542322,0.009777573495574905,46
306,0.47934012301266193,0.009938265096415646,55
307,0.47412629146128893,0.009907001607495452,52
308,0.32277051359415054,0.00984336823060069,37
309,0.10329697094857693,0.009672580267281251,16
310,0.039456527680158615,0.009346715353708235,8
311,0.20901902578771114,0.010072075703212132,27
312,0.19742479361593723,0.010184515147000205,24
313,0.1346928821876645,0.010056758429480898,19
314,0.5606847340241075,0.009866997971382019,63
315,0.3967049065977335,0.010493788794917072,47
316,0.11775513924658298,0.010396058408433169,17
317,0.36357815004885197,0.00993349214225995,41
318,1.10805419459939,0.009847186033537689,116
319,0.4048522664234042,0.009909715100314664,45
320,0.19327031541615725,0.010468190909039343,24
321,0.1970882723107934,0.010170849897782951,24
322,0.12735055573284626,0.010051404075591653,18
323,0.11347970739006996,0.010028466308192686,17
324,0.2994368178769946,0.010206904718946154,36
325,0.12082735728472471,0.009694327897896798,17
326,0.04822330083698034,0.009883024744265351,9
327,0.13345633354038,0.009909170987293157,19
328,0.37927210703492165,0.009857596331957512,42
329,0.06537710502743721,0.009993665600886452,11
330,0.038260375149548054,0.009899775675637663,8
331,0.07480632606893778,0.010408334167370827,12
332,0.6356282159686089,0.010134003806804933,70
333,0.3043419858440757,0.010002137238550365,37
334,0.05664308089762926,0.009670239402847319,10
335,0.20183756481856108,0.009683228378920302,25
336,0.22523601725697517,0.009971619995649892,27
337,0.08759726118296385,0.009921704660829372,14
338,0.08388878777623177,0.009998980847742879,13
339,0.011724901385605335,0.01009028801148368,5
340,0.43769365549087524,0.009927867462084707,51
341,0.15873887203633785,0.01005384159018357,20
342,0.27578943222761154,0.009920228260855934,32
343,0.011478799395263195,0.009915006246008783,5
344,0.2544057546183467,0.009792747267800644,31
345,1.8867029882967472,0.00994055553587388,195
346,0.04458550550043583,0.009883111596473362,9
347,0.2278631292283535,0.010261003459003644,28
348,0.15783406980335712,0.009867854800406226,20
349,0.6101995287463069,0.00983651838053539,67
350,0.1780474130064249,0.009933079571971199,23
351,0.06421913579106331,0.009944577416151458,11
352,0.04002118483185768,0.00993447436266829,8
353,0.8199396720156074,0.009885414989924783,89
354,0.16742765065282583,0.010099549428083703,21
355,0.13190342765301466,0.009939660353628373,18
356,0.34706594701856375,0.009614442905697759,39
357,0.054852074943482876,0.009925918160298653,10
358,0.23062897939234972,0.009887430392803846,28
359,0.03788043465465307,0.010030521721955945,8
360,0.05549889523535967,0.009871943725744152,10
361,0.0952143743634224,0.009865356364208173,14
362,0.0642082104459405,0.010384958618999738,11
363,0.311253247782588,0.009786924629303813,36
364,0.4577974770218134,0.00992226203155509,51
365,0.11413451749831438,0.010047566627007558,16
366,0.9068622859194875,0.010038783772880706,96
367,1.0189977586269379,0.009974364652717808,107
368,0.15159716363996267,0.009862308950466506,20
369,0.15810108184814453,0.009920360727929017,21
370,0.36633077170699835,0.009887176800216368,44
371,0.5182822039350867,0.009968938316438017,57
372,0.003313557244837284,0.009881315458004965,4
373,0.29380982741713524,0.00991211847241909,34
374,0.3050590008497238,0.01007867650340985,35
375,0.18075672909617424,0.01007666364613341,24
376,0.1860349467024207,0.010181764242909236,23
377,0.10251282900571823,0.010038876225650318,15
378,0.01996789686381817,0.010180088239894377,6
379,0.3888477608561516,0.009487924271247927,46
380,0.23138551227748394,0.010037502111191431,28
381,0.232933783903718,0.010015308228579852,30
382,0.11007255129516125,0.010454339942446692,16
383,0.08831772767007351,0.009897407112538718,14
384,0.36315320059657097,0.009542890691514011,42
385,0.029299642890691757,0.009946251302988424,7
386,0.11300423368811607,0.009271083307810431,16
387,0.16737774945795536,0.009881416935326381,21
388,-0.02177255228161812,0.009716589798110433,1
389,0.1373289143666625,0.01014919242092406,18
390,0.205603102222085,0.010669150086763782,27
391,0.0473870225250721,0.009214445848826988,9
392,0.4698787210509181,0.010215921231187993,52
393,0.30250130221247673,0.009567170924816494,35
394,0.05690882261842489,0.009746810338715738,10
395,0.766756103374064,0.009665203357078302,82
396,0.19331168569624424,0.009660146004827829,24
397,0.08420273661613464,0.009852425370348281,13
398,0.10919515695422888,0.009561080965068223,15
399,0.045230038464069366,0.009528216503913877,9
400,0.3616088442504406,0.009366070110771018,41
401,0.77123933006078,0.009752943679155301,83
402,0.06920972000807524,0.009810415586720423,11
403,0.24556573946028948,0.008881815664182694,30
404,0.25767450500279665,0.008693833165067825,30
405,0.5745853958651423,0.009204741723495505,63
406,0.019686440005898476,0.009698878104989534,6
407,0.54510613437742,0.009220785650096456,61
408,0.5343181677162647,0.009010800892908738,60
409,0.8540410436689854,0.008714635483130354,91
410,0.09299397096037865,0.008860400079088261,14
411,0.14378136489540339,0.009037826227927339,19
412,0.26755150128155947,0.009257236089249662,31
413,0.3333504730835557,0.008806419385392233,39
414,0.6187771819531918,0.009445227635755959,67
415,0.5095385499298573,0.008036370725848856,56
416,0.5123913390561938,0.008132453282247392,56
417,1.4503835700452328,0.0089336161750691,151
418,0.2965294038876891,0.007944742204277402,34
419,0.7255905494093895,0.008811305465202274,77
420,0.003329644910991192,-0.02186785567497191,4
421,0.19712163601070642,0.009653746887275178,24
422,0.42342272214591503,0.009506846297689739,50
423,0.04608991555869579,0.0096993003940402,9
424,0.14721168391406536,0.009650263093797655,19
425,0.34381385799497366,0.009568060501617823,39
426,0.5589276682585478,0.00958560431222764,62
427,-0.02176845446228981,0.00961332285037147,1
428,0.02867710590362549,0.009586429254526099,7
429,0.12012348137795925,0.009500810550841567,17
430,0.06539405230432749,0.009538816735149053,11
431,0.020061828196048737,0.00960844955221415,6
432,0.05419848766177893,0.009440336530053236,10
433,0.3756989846006036,0.008965138327445093,43
434,0.12746887654066086,0.009948300406109447,18
435,0.7176104886457324,0.008381725890809303,76
436,0.28673017490655184,0.00889770030521192,34
437,0.7284998307004571,0.010487030502282701,78
438,1.013039181008935,0.008972675396956226,106
439,0.23379617370665073,0.008805286850122886,31
440,0.38403317891061306,0.008161226579618876,44
441,0.1230153413489461,0.009713091179072713,17
442,0.3703901506960392,0.008407140320086885,42
443,0.7006365470588207,-0.021584980885659688,75
444,0.13849770464003086,0.008898376848291305,19
445,0.1874753562733531,0.008953377701736744,24
446,0.13618349842727184,0.008985634120318158,18
447,-0.013425290584564209,0.008547929676299647,2
448,0.05495452228933573,0.008800937434306988,10
449,0.08723817393183708,0.008520021592534368,13
450,0.6834226911887527,0.008685960276473653,73
451,0.16955384705215693,0.0086499571619973,23
452,0.3086577011272311,0.009003841643846674,35
453,0.2822470273822546,0.00882444625388393,33
454,0.05469013471156359,0.008522228831074003,10
455,0.10594849660992622,0.008733743669019136,15
456,0.03858470916748047,0.008658614112515815,8
457,0.49494020361453295,0.008476507148218768,54
458,0.39559982530772686,0.008473160871044987,45
459,0.29746642243117094,0.008705446472147755,34
460,0.11926407273858786,0.007977855765210184,17
461,0.24453412555158138,0.008283539396242306,31
462,0.6592131135985255,0.008442014299555725,72
463,0.26805262453854084,0.008741240318000741,31
464,0.03697931952774525,-0.021641071227688796,8
465,0.2505747862160206,0.009905365610151269,29
466,0.5958086661994457,0.009054377687591953,65
467,0.038115580566227436,0.009314605164906755,8
468,0.03945276327431202,0.009132564291500356,8
469,0.39148578606545925,0.008941995774928381,44
470,0.011253037489950657,0.010289204062004181,5
471,0.2230149693787098,0.009925909756523781,27
472,0.10450939740985632,0.009076395498066561,15
473,-0.005127915181219578,0.00818466789545782,3
474,0.03912351559847593,0.008869219241927523,8
475,0.15770913939923048,0.009969235056474433,22
476,0.16826487705111504,0.00866374198845994,22
477,0.4049755521118641,-0.022419957264990357,46
478,0.03663891740143299,0.009923671430106458,8
479,0.029243621975183487,0.010244358039795192,7
480,0.11236695200204849,0.010025433163738768,16
481,0.5813186904415488,0.009772193298668092,68
482,0.0728552807122469,0.00980847281985164,12
483,0.5636111907660961,0.009953017230817832,62
484,0.4126725373789668,0.009962207067803677,46
485,0.21080010198056698,0.009613254799596418,26
486,0.31404276471585035,0.009536118891914133,36
487,0.03952584229409695,0.010147491608236926,8
488,0.1324218511581421,0.009013969186814297,19
489,0.25645651668310165,0.009074758872994826,32
490,0.2597571164369583,0.008658692860354106,31
491,0.18870765902101994,0.008346140841556918,24
492,0.9959180196747184,0.010445698834446333,107
493,0.4064411735162139,0.010058392266698088,45
494,0.10272826254367828,0.009141207841505935,15
495,0.11648231279104948,0.008896967806161817,16
496,0.11282024439424276,0.008629609975533888,17
497,0.11221743188798428,0.0073520104188006296,16
498,0.30600757617503405,0.008466552089562516,37
499,0.23266743775457144,-0.021096757897791106,28
500,0.11639080662280321,0.009196943182703142,16
501,0.1690722331404686,0.009100496216393502,22
502,0.20695816446095705,0.008994807286744701,25
503,0.3132410869002342,0.008666706084221777,37
504,0.04610194452106953,0.009325663917943495,9
505,0.38530116621404886,0.009039367743027297,46
506,0.09007486142218113,0.009012347309225423,14
507,0.07678483054041862,0.009284231499757226,12
508,0.6516437819227576,0.008674904019424223,71
509,0.05718947108834982,0.007113708300510568,10
510,0.1646027434617281,0.006821080978731149,23
511,0.08904036413878202,-0.02204852075026921,14
512,0.6360647575929761,0.009975035765933433,71
513,0.12509027309715748,0.010316640228850333,17
514,1.152848438359797,0.01001677470741374,120
515,0.1385153466835618,0.009894486716994765,19
516,0.7140677021816373,0.009882012614968922,76
517,0.30739630199968815,0.009838344670775089,37
518,0.07842227071523666,0.009929087305635055,12
519,0.17497215792536736,0.009969417102778093,22
520,0.06477628089487553,0.009816263195602784,11
521,0.15159449353814125,0.00979587548197221,20
522,0.6984298685565591,0.009920651025085579,76
523,0.10531305614858866,0.01064643077266563,15
524,0.12480651028454304,0.00998977938250796,17
525,0.1314565623179078,0.00954366245400879,18
526,0.2615199601277709,0.009367210512519843,31
527,0.4805507091805339,0.007966972585007618,55
528,0.1228998089209199,0.010329848130932259,17
529,0.01995878294110298,0.009242592793707285,6
530,0.13139597233384848,0.009115177046589516,18
531,0.28324649948626757,0.008793991424527425,35
532,0.5029279552400112,0.008634697014839736,57
533,0.055255113169550896,0.008753293428097242,10
534,0.18752066884189844,0.008824570829102756,24
535,0.030346493236720562,0.008965736607091972,7
536,0.2058903779834509,0.008658899557958098,25
537,0.5693793119862676,0.008293995932069772,62
538,0.7281772112473845,0.007207184415250355,81
539,0.1905585676431656,-0.021928967426792487,24
540,0.40263383742421865,0.008608309488009986,45
541,0.49494591541588306,0.008511939620376493,56
542,0.4294761773198843,0.008048570238387915,48
543,0.20610262639820576,0.008302806882764089,25
544,0.189034353941679,0.007872442173096067,24
545,0.06400099210441113,-0.021809094281682765,11
546,0.45693959947675467,0.009584550219963123,51
547,0.07490563113242388,0.009475394819479562,12
548,0.3433495070785284,0.009513949226829221,39
549,0.11342272069305182,0.00996826321997341,17
550,0.09584076143801212,0.010225751495195301,15
551,0.038105553947389126,0.009717328121153867,8
552,0.52919349540025,0.009436055871129062,58
553,0.5540312519297004,0.009278512933468668,61
554,0.310404397547245,0.009001448437591753,36
555,0.2271332973614335,0.0094973908297823,27
556,0.42793615255504847,0.009294337200307833,48
557,-0.021762769669294357,0.008532997291474848,1
558,0.037234095856547356,0.008897411499181336,8
559,0.1648691799491644,0.00847093941238799,23
560,0.470964128151536,0.009007096166970527,53
561,0.7001308528706431,0.008237429461416769,78
562,0.028835372999310493,0.00948736085264818,7
563,0.17207445856183767,-0.021863084479473938,22
564,0.20455759949982166,0.00872830181184179,25
565,0.06850145477801561,0.00911852595263713,11
566,0.25399824790656567,0.008964521144470498,31
567,0.3261228296905756,0.009035764098580585,40
568,0.27026299480348825,0.009040334437125168,32
569,0.2429386656731367,0.009401068066195997,29
570,0.01975149568170309,0.009274842831614907,6
571,0.3430666159838438,0.008898548342697604,39
572,0.43832533806562424,0.008715536736217758,50
573,0.9541279096156359,0.009244015711142748,101
574,0.0926905581727624,0.008719893067278524,14
575,0.4319616947323084,0.008717003993107911,48
576,0.5904992977157235,0.008599958081256714,66
577,0.1221406888216734,0.008758320567827785,17
578,0.06743329111486673,0.008865062282920418,11
579,0.04554903507232666,0.00858863830220757,9
580,0.04813810903578997,0.00856100080602804,9
581,0.24639657512307167,0.008728438207707134,30
582,0.2677612015977502,0.008634454325606649,31
583,0.15053445007652044,0.008253689818479175,21
584,0.43841618951410055,0.008388302281215324,49
585,0.23484730254858732,-0.021865007311965844,28
586,0.2780701722949743,0.009769403718044464,33
587,0.4150049863383174,0.00950502737734122,46
588,0.6478794785216451,0.009721586522878339,75
589,0.41595169343054295,0.00976784692067722,46
590,0.3327372297644615,0.009679010192882446,38
591,0.34665234480053186,0.009347072162145927,41
592,0.22649275977164507,0.009537890696327305,27
593,0.04828752391040325,0.009876177407700297,9
594,0.6063093263655901,0.00902132581020036,66
595,0.2753301626071334,0.009522650669791946,32
596,0.7092540580779314,0.009627079034287592,76
597,0.011594804003834724,0.008818609056046188,5
598,0.6869574030861259,0.009383099890091754,73
599,0.47380814515054226,0.009359882072781512,52
600,0.423885153606534,0.009382268659901464,48
601,0.17260210681706667,0.009441914649830834,22
602,0.6265485556796193,0.009300521036644895,68
603,0.6746815331280231,0.009572849380797154,72
604,0.13984693866223097,0.009367429793154976,19
605,0.4689928041771054,0.008689986863402712,52
606,0.14383367914706469,0.0094466265547634,20
607,0.3876742860302329,0.00953404036688799,44
608,0.4489792212843895,0.009581771967119733,52
609,0.11816303804516792,0.009411843269903356,17
610,0.1659377682954073,0.009498903951615803,21
611,0.42131729144603014,0.010116651725420483,47
612,0.3678657151758671,0.009036561814759755,42
613,0.2916562044993043,0.009026412501143465,36
614,0.1225845068693161,0.009025553619302715,17
615,-0.005248963832855225,0.009292264503757692,3
616,0.12544666044414043,0.009433605094319992,18
617,0.057736413553357124,0.009646159439018486,10
618,0.30664822086691856,0.009444970713366713,38
619,0.6460210410878062,0.009744467193377227,70
620,0.2365620555356145,0.009704650942088031,29
621,0.0975225679576397,0.00954790561739615,14
622,0.23118047043681145,0.009512096179501491,27
623,0.19027576316148043,0.010309492665629225,24
624,0.04554560221731663,0.009670914951045228,9
625,0.2959914021193981,0.009509348131569713,34
626,0.5346288476139307,0.010087735795868791,58
627,0.234991317614913,0.00944120304256099,28
628,-0.021767493337392807,0.009637968498745417,1
629,0.20877387467771769,0.009435442341510794,25
630,0.4317689426243305,0.009394670450594176,48
631,0.10375492367893457,0.008926798574197342,16
632,0.1394995441660285,0.00941552209805404,20
633,0.502454194240272,0.009303419638054863,55
634,0.15326785296201706,0.009667370350915378,21
635,0.7526896186172962,0.009194073898447742,80
636,-0.005255973897874355,0.009289483904927839,3
637,0.20479363109916449,0.008934933065990256,25
638,0.2194948848336935,0.008885748268196507,26
639,0.7093948135152459,0.008875921002259101,76
640,0.18949977960437536,0.008807376396161129,24
641,0.19050063751637936,0.009151837346627821,26
642,0.6122444849461317,0.008005612499759984,70
643,0.04556521959602833,0.00838592113419718,9
644,0.3154120733961463,0.008489389227871052,36
645,0.18172188382595778,0.0069962239840202,23
646,0.8133597709238529,-0.022420628235687082,86
647,0.04970679432153702,0.009544632226934118,9
648,0.5904767829924822,0.009697380181423876,66
649,0.3465618249028921,0.009697990172580113,39
650,0.13836692087352276,0.00959240858855012,18
651,0.2765351962298155,0.009542083456962,32
652,1.0768957724794745,0.009388923625809946,115
653,0.10899034328758717,0.009000956586608133,16
654,-0.005029103718698025,0.009670479826372829,3
655,0.17691695969551802,0.009393411735182513,22
656,0.30010709073394537,0.009845643960858706,37
657,0.6472816951572895,0.009460360709096319,70
658,0.028731071390211582,0.010167890708009695,7
659,0.046655939891934395,0.00944781367893519,9
660,0.41150328423827887,0.009122218984325723,47
661,0.37588093616068363,0.009383645501845488,42
662,0.15577213279902935,0.007108350390837145,21
663,0.03704582992941141,0.010353502707638008,8
664,0.3998515550047159,0.008431677845187002,46
665,0.06685523595660925,0.008318641242635615,11
666,0.1230543376877904,-0.02167120908796928,17
667,0.31672223284840584,0.01011722200274924,36
668,0.35799195524305105,0.010592978353726686,40
669,0.1106405770406127,0.009480739670840017,16
670,0.17790097184479237,0.010477721338267397,23
671,0.2103828014805913,0.009929849927531232,26
672,0.7856749119237065,0.010010531331112616,86
673,0.17577892448753119,0.010043611178616222,22
674,0.3725248435512185,0.010484735060247673,42
675,0.020601903088390827,0.009411116220240039,6
676,0.4781622914597392,0.01042177926858632,53
677,0.3853888213634491,0.008941892990122201,44
678,0.23682106379419565,0.010582827399189781,28
679,0.5677417349070311,0.010654960817231125,64
680,1.0816722149029374,0.007997859972838578,118
681,0.08635090757161379,0.008098112846730074,13
682,0.2879908448085189,0.008580329106462335,33
683,0.19186724349856377,0.00970971206124626,24
684,0.8458637809380889,0.008852092441178612,90
685,0.786603381857276,0.011480558047318373,85
686,0.5908531425520778,0.009322230736576106,64
687,0.07578329555690289,0.00947340370158692,12
688,0.3550896244123578,0.00936365550606912,42
689,0.15220866911113262,0.008647709367608546,20
690,0.06457334011793137,0.010257775906514149,11
691,1.0783662777394056,0.009519309770724765,113
692,0.5825736252591014,0.008106869105712573,67
693,0.0932840472087264,0.007906984332413347,14
694,0.5595721919089556,0.008366685666178778,62
695,0.6045540003105998,0.00793814573767741,67
696,0.5212612841278315,0.009181179410724943,57
697,0.17499017715454102,0.008637276239248096,23
698,0.48943106178194284,0.00822301835410011,59
699,0.1456187404692173,-0.023670624854059866,19
700,0.09234296437352896,0.010008527789483038,14
701,0.46056283731013536,0.010104985052944888,53
702,0.42691086418926716,0.00942936672091314,47
703,0.5502384873107076,0.009834914033681091,61
704,0.44675592333078384,0.00992710213523661,51
705,0.20872307289391756,0.010344693857280655,28
706,0.6537534724920988,0.009348496027738976,73
707,0.20615741331130266,0.009831518502176584,28
708,0.1746098380535841,0.010302394329685499,22
709,0.6076309969648719,0.011194512227427048,66
710,0.6332139987498522,0.008227007592959005,68
711,0.22020955756306648,0.010877772378656045,27
712,0.5248666079714894,0.00941994130960737,58
713,0.12056696508079767,0.009044333371465598,18
714,0.4257025886327028,0.010573506077566788,48
715,0.05525531433522701,0.008551661573371987,10
716,0.13240942917764187,0.008601562847021533,18
717,0.34945356007665396,0.00889094775649045,40
718,0.2640469614416361,0.009209182989644927,34
719,0.2721651904284954,0.008817410682473013,32
720,0.1946561010554433,0.008749764516681875,26
721,0.869881241582334,0.0084460570364485,95
722,0.15401664935052395,0.008651200698696657,22
723,0.3098881430923939,0.009698513989833719,38
724,0.4957979740574956,0.008024346442704647,57
725,0.308283687569201,-0.02237720742103737,35
726,0.16939698439091444,0.008615135212027022,21
727,0.1743241297081113,0.008752396409369128,22
728,0.23657030332833529,0.009254206703328043,28
729,0.5971442982554436,0.008798789057637355,67
730,0.19567978754639626,0.009486866913664009,25
731,0.6892558997496963,0.008859726569990052,80
732,0.20093875005841255,0.008978431455587292,25
733,0.71582190413028,0.008928622808205436,77
734,0.39315235428512096,0.008703269009975291,44
735,0.02973023522645235,0.00887312749114443,7
736,0.2667600894346833,0.008359439376223821,33
737,0.20571871474385262,0.0088747240674265,27
738,0.2464528251439333,0.00853585689579938,30
739,0.6499837310984731,0.0095136405764253,70
740,0.26857139356434345,0.009650485537161028,32
741,0.6125926375389099,0.008774228673746652,71
742,0.5508726043626666,0.008807010569198243,65
743,0.1278159823268652,0.00860173971921279,18
744,0.6231848206371069,0.009857242338096872,70
745,0.278838980011642,0.010475469996020361,32
746,0.06434865947812796,0.008967992785046943,11
747,1.0744507182389498,0.00987126908857806,115
748,0.3675418011844158,0.008396872988055458,43
749,0.273783540353179,0.008410332021204803,32
750,0.6590093076229095,0.009759817949414624,73
751,0.7144874576479197,0.011205499621753275,76
752,0.0908488417044282,0.009542817122831015,14
753,0.13984636589884758,0.010492257786134548,18
754,0.24154105596244335,0.009876131946549915,31
755,0.3773956084623933,0.009468545823047538,42
756,0.1750769540667534,0.009685477730167525,22
757,1.371039212681353,0.010121869765506941,143
758,0.3458465216681361,0.011194601983610728,39
759,0.12558215949684381,0.009853944173327776,17
760,0.22244668938219547,0.010008737855755854,29
761,0.27601679507642984,0.010138091888638328,32
762,0.16722335293889046,0.009871351164261721,22
763,0.14487583097070456,0.010164009287275153,21
764,0.1623835414648056,0.009937741929688515,21
765,0.3624418145045638,0.00968370298621874,41
766,0.8359407717362046,0.00986824965401776,91
767,0.04622104950249195,0.010179198211430571,9
768,0.3453604867681861,0.010031680711141562,44
769,1.7869515027850866,0.009563558421259265,187
770,0.22772127389907837,0.009387917454033352,28
771,0.037782072089612484,0.010074832806794618,8
772,0.06729615852236748,0.009858082263840981,11
773,0.18869860842823982,0.00957221495429356,24
774,0.22662113700062037,0.009534745495764637,27
775,0.34230912383645773,0.009972590532488742,41
776,0.7626805286854506,0.009737462621671368,81
777,0.23309216275811195,0.009311341244677182,28
778,0.17987338919192553,0.009783343368153046,23
779,0.10613896045833826,0.010329904136380734,15
780,0.05560875963419676,0.009742844370252635,10
781,0.41205510683357716,0.010227719484153424,46
782,0.597375713288784,0.010128451199031566,64
783,0.13016335014253855,0.010257092940447483,18
784,0.9927666150033474,0.00918464084192272,104
785,0.3807758819311857,0.010236811536940322,43
786,0.06785702425986528,0.01020932738600187,11
787,0.0731574110686779,0.010250014529278467,12
788,0.011380985379219055,0.010318750852658314,5
789,0.12948487233370543,0.009814454630714883,18
790,0.02885365579277277,0.010375635607242063,7
791,0.020219736732542515,0.009709506233022625,6
792,1.6063621193170547,0.009875683624120574,169
793,0.1315432833507657,0.009737751755006505,18
794,0.42202005721628666,0.009901604547026063,47
795,0.045564254745841026,0.009653744139543435,9
796,0.1430197712033987,0.009977143393999622,20
797,0.3005100078880787,0.009661311838549782,37
798,0.3466841336339712,0.00995035381675067,39
799,0.1377960480749607,0.009927034885931893,19
800,0.5095142843201756,0.009969925434923364,56
801,0.7204849114641547,0.009162345320163658,77
802,0.09537661354988813,0.009563594300588741,14
803,0.5153875071555376,0.008463818471312022,56
804,0.23823988437652588,0.010683218437488314,30
805,-0.021811336278915405,0.007878952973420809,1
806,0.13875528145581484,0.008602646562019407,19
807,0.21841277088969946,0.010849331294093562,29
808,0.10953281354159117,0.00929398338459187,16
809,0.1479377755895257,0.007777230502232653,20
810,0.29947616439312696,-0.022416748669501038,35
811,0.25614679139107466,0.00966782910235287,30
812,0.21930538397282362,0.010274823046146159,27
813,0.06473386846482754,0.009952467248862817,11
814,0.05617112200707197,0.010222752882704637,10
815,0.34584013000130653,0.009938833353139193,42
816,0.1771704973652959,0.009995315074734943,22
817,0.4938630750402808,0.009384171885091433,56
818,0.01179693453013897,0.009125804383666202,5
819,0.1737534338608384,0.009601481456410807,22
820,0.2701455317437649,0.009668222148011375,32
821,0.29508366249501705,0.010006710851644085,34
822,0.04665941186249256,0.009909063880377721,9
823,0.2773139225319028,0.009852842156649626,35
824,0.4810786433517933,0.009960442373516093,53
825,0.11046286392956972,0.00997976436586162,16
826,0.3628484979271889,0.01002365929524403,45
827,0.5173136303201318,0.010483483529267057,58
828,0.06443883385509253,0.010215109919913439,11
829,0.3639691732823849,0.010015524552947587,42
830,0.15616265404969454,0.009689152874153156,20
831,0.1346074864268303,0.0082331797616006,18
832,0.16983280424028635,0.01035514171378895,22
833,0.3456862745806575,0.009756948686423322,39
834,0.1543864021077752,0.008809517979663416,21
835,0.04780409298837185,0.009980024491953367,9
836,0.0531861362978816,0.009648415248069324,10
837,0.07618153467774391,0.01036606474054871,12
838,0.029253286309540272,0.00900476578744796,7
839,0.8898587813600898,0.010749540191355903,95
840,0.14487417228519917,0.010053290264258323,20
841,0.21926734130829573,0.010680130933696762,27
842,0.3140953090041876,0.009722573660979101,36
843,0.4602690478786826,0.007969341304031546,52
844,0.06485866382718086,0.008187510678936812,11
845,0.10406806319952011,0.008980731107537698,16
846,0.47605619952082634,0.009338695159703939,52
847,0.4230006178840995,0.008853352605135572,48
848,0.38583010993897915,0.008827623076073609,43
849,0.0564707275480032,0.010268940261026463,10
850,0.2599707245826721,0.009249105837757409,31
851,0.17578429821878672,0.008201675167924109,22
852,0.5694943564012647,0.008340139356006205,62
853,0.046479394659399986,0.008628654884716475,9
854,0.30117418710142374,0.008541277436514873,34
855,0.28596475534141064,0.00832403483087473,33
856,0.2902128966525197,0.008580827148393862,34
857,0.7140047736465931,0.008714991272420551,76
858,0.4567160541191697,0.008311003286434698,51
859,0.14255742728710175,0.007887759682264569,19
860,0.26048518624156713,-0.022569826842190298,31
861,0.07323154527693987,0.009687487387252796,12
862,0.08367099240422249,0.009712218555972707,13
863,1.5589450895786285,0.009014840114925015,164
864,0.07956813741475344,0.009698264676077834,13
865,0.31046139262616634,0.009610376777462503,38
866,0.23401752021163702,0.010090877179528794,28
867,0.15244001988321543,0.008905113651643703,21
868,0.917265179567039,0.010172959270673425,99
869,0.019722113385796547,0.009608592527459752,6
870,0.6485237563028932,0.008778005344526559,71
871,0.19359084405004978,0.008505220779251711,24
872,0.03676661662757397,0.009644224162185818,8
873,0.40812569856643677,0.009346934109210534,45
874,0.14957795664668083,0.009258054573618616,19
875,0.16227449476718903,0.009651318467847796,21
876,1.2178718261420727,0.0090228435906589,129
877,0.6790500544011593,0.008431235579839838,72
878,0.6127954907715321,0.008144513502213624,66
879,0.31393281929194927,0.009023847936572016,36
880,0.24706369917839766,0.00866234505978046,29
881,0.4102788148447871,0.008690047307213749,46
882,0.5167537834495306,0.00862822943716514,57
883,0.4156688554212451,0.008647226432217662,51
884,0.37219178676605225,0.008647293624579217,42
885,0.9384186491370201,0.008165659151127026,99
886,0.22433330863714218,0.008263079680771421,27
887,0.15904282592236996,0.008570203119058723,21
888,0.9051375072449446,0.008014600163414065,96
889,0.06981467641890049,0.008072997015485806,12
890,0.06603130046278238,0.008864769096423697,11
891,0.6961653092876077,-0.02109292330215081,74
892,0.6751749999821186,0.009992133171844487,77
893,0.030069148167967796,0.009942073262305619,7
894,0.28239184338599443,0.009971574545139281,33
895,0.556743667460978,0.00953084780236527,62
896,0.22670213598757982,0.010411089580616727,27
897,0.23851953633129597,0.009941035581945513,29
898,0.1335589922964573,0.010072960561511681,18
899,1.5905055264011025,0.009713679855673776,166
900,0.09223281312733889,0.01027748529937702,14
901,0.22842700500041246,0.009722890713655225,27
902,0.07109430432319641,0.00984075694375881,12
903,0.23278292175382376,0.011107593642085245,28
904,0.21301931887865067,0.00959030069797433,26
905,0.7705640736967325,0.010698445536470709,82
906,0.2964730868116021,0.009954923230874662,37
907,0.27600456308573484,0.009546164744678972,35
908,0.08316762000322342,0.00901534047769802,13
909,0.5697397459298372,0.009383240930024055,64
910,1.0492385104298592,0.00990337463371241,112
911,0.29825879726558924,0.009461176056269078,34
912,0.2979631284251809,0.009397461932404675,36
913,0.02861451916396618,0.009529768481604629,7
914,0.39174883905798197,0.00950942643881677,44
915,0.4718357464298606,0.00931353415538292,52
916,0.33840628527104855,0.009387944361403278,42
917,0.2198411589488387,0.009290776358193838,27
918,-0.013485662639141083,0.009432604109436587,2
919,0.07069254014641047,0.009433749993079606,12
920,0.08606953360140324,0.009382664855384878,13
921,0.3147994242608547,0.00996966877813303,37
922,0.24318688549101353,0.008815574486702529,29
923,0.21455788612365723,0.009289466020533045,26
924,-0.021783484145998955,0.009626875050434662,1
925,0.4119540238752961,0.009463209723546473,46
926,0.6555243758484721,0.009111279008266932,73
927,0.2154846591874957,0.009229691139891355,27
928,0.16003449261188507,0.008748920679232044,21
929,0.2940891906619072,0.009198169216316998,34
930,0.34383211750537157,0.009224162881860442,39
931,0.16135197132825851,0.009302232431481282,22
932,0.6508742021396756,0.00927548354236736,74
933,0.40821243450045586,0.009202944541624423,46
934,0.21704718098044395,0.009235567952362416,26
935,0.32263327948749065,0.009200511658638043,39
936,0.3427688982337713,0.009665049364341668,40
937,0.10004659555852413,0.00949202281477739,15
938,0.8759675333276391,0.008932356146060225,93
939,0.0557674178853631,0.008860735721810207,10
940,0.28759848326444626,0.008655633161608483,33
941,0.2493927776813507,0.008748333592324433,32
942,0.3487331932410598,0.008931847883235986,40
943,0.19829111453145742,0.008931606686706036,24
944,0.12674221117049456,0.007905896475143377,17
945,0.09533836506307125,0.00899962638254283,14
946,0.3324577631428838,-0.021663400388336394,40
947,0.04699472151696682,0.009202093294895373,9
948,0.21452706027776003,0.009614647629604468,26
949,0.48542094696313143,0.008933998270432768,53
950,0.30627171974629164,0.009091356750484739,35
951,0.7070497404783964,0.008959676338759697,78
952,0.2929496318101883,0.009397615547065237,34
953,0.4119121292605996,0.009111478733194608,46
954,0.4730930011719465,0.008960420489764639,52
955,0.5964768091216683,0.009314184389925083,65
956,0.06663841940462589,0.009139520935789054,11
957,1.114039241336286,0.009197584678332394,120
958,0.07841012813150883,0.00883124378380728,12
959,0.37210223730653524,0.008733968225652484,42
960,0.5044124377891421,0.009276961715457631,57
961,0.15823793597519398,0.008833918916129288,21
962,0.7491882583126426,0.008578774883433114,83
963,-0.021808156743645668,0.009291266551464174,1
964,0.18230975978076458,0.009331219741521044,23
965,0.0377812497317791,0.008952700948331926,8
966,0.752141110599041,0.009082227058002358,85
967,0.31346508394926786,0.008602385104022737,36
968,0.26561225298792124,0.008511309863899842,31
969,0.06570911221206188,0.00831660635336117,11
970,0.020952224731445312,-0.02346157788405997,6
971,1.3148681558668613,0.009977350318451178,137
972,0.06340562645345926,0.009466112428722995,11
973,0.47693747375160456,0.010377558107426155,53
974,0.11344743147492409,0.009939941207796673,16
975,1.3108978876844049,0.009905451540586318,139
976,0.30261096358299255,0.010151362796900536,35
977,0.20930032897740602,0.009830875804893188,28
978,0.5030340198427439,0.009651206030805626,56
979,0.584098145365715,0.010031811401943083,63
980,0.1313089206814766,0.010156938242334662,18
981,0.5276333251968026,0.010239452004055929,59
982,0.06243809871375561,0.010676291177354908,11
983,0.6117089819163084,0.009617056732603322,66
984,0.7111232681199908,0.009746248841840712,76
985,0.0030700014904141426,0.010104725264224908,4
986,0.2310474282130599,0.010085483343090916,28
987,0.21574593149125576,0.009971773787195755,27
988,0.8887865524739027,0.00974777842635075,95
989,0.01974636409431696,0.010113305365884636,6
990,0.28281762544065714,0.009791843738772553,33
991,0.23777792043983936,0.009964496583443642,29
992,0.2643219456076622,0.010584296818093763,31
993,0.2448297655209899,0.00985537798022827,29
994,0.18712433334439993,0.010004321456316988,23
995,0.24353855568915606,0.009607239503993486,29
996,0.6285688886418939,0.009865448290761187,70
997,0.4486641427502036,0.010305359483304294,50
998,0.08573335316032171,0.009776668877169449,13
999,0.020132040604948997,0.009531821158808254,6
1000,0.8017572415992618,0.009770168913421215,87
1001,0.18377821426838636,0.009575056504764907,23
1002,1.1596628045663238,0.009401633267476872,121
1003,0.07956213783472776,0.009240654345925055,13
1004,0.05680630262941122,0.009030539582280532,10
1005,0.6736667510122061,0.00991525997020911,77
1006,0.3407500619068742,0.010424468316411502,39
1007,0.18212419282644987,0.009993672225933496,25
1008,0.08443304989486933,0.009131794278634085,13
1009,0.112471679225564,0.008126394525582432,17
1010,0.642954028211534,0.00867531682773554,70
1011,0.37356406077742577,0.008812426075648952,42
1012,0.6141880946233869,0.008711655638684701,67
1013,0.2573615685105324,0.008664828809701658,30
1014,0.37270648777484894,0.008145968353885246,42
1015,0.5943363346159458,0.009340364868934336,65
1016,0.2660715812817216,0.008245783363867198,31
1017,0.5218978179618716,0.008321677701559931,60
1018,0.08950002212077379,-0.021568040694955087,14
1019,0.0659105209633708,0.008997774022680628,11
1020,0.3421320114284754,0.008958172485225565,43
1021,0.2458744067698717,0.009880601175781541,29
1022,0.5060046976432204,0.008773879267862253,55
1023,0.5442003458738327,0.008643914952122323,60
1024,0.894048947840929,0.007817221322761494,94
1025,0.323052067309618,0.008735330685830402,38
1026,0.3535405592992902,0.008154289946393932,40
1027,0.7499225921928883,0.007665156607772971,80
1028,0.3787457877770066,0.008239778642890834,43
1029,0.07607176061719656,-0.021666819721963524,12
1030,0.3032731292769313,0.009794805184699384,36
1031,0.12025901395827532,0.010314696410738247,18
1032,0.20407651644200087,0.010135404739955192,25
1033,0.1851212726905942,0.009945887856721824,23
1034,0.585439027287066,0.010339651634355872,63
1035,0.20765276532620192,0.009942908718181761,26
1036,0.630127802491188,0.009962841843490814,68
1037,0.10074197594076395,0.009709010503116317,15
1038,0.21038439124822617,0.00961087227640643,27
1039,0.17746966890990734,0.009866985041215885,22
1040,0.956913192756474,0.009975033088652272,101
1041,0.27658807672560215,0.010046902985046829,33
1042,0.03841939847916365,0.009944725518345875,8
1043,0.19558050390332937,0.009826453825618763,24
1044,0.5190833266824484,0.010082076911352782,60
1045,0.14449138287454844,0.009931427381647992,19
1046,0.3055390967056155,0.010001599291573758,36
1047,0.3819656642153859,0.009892942355175387,43
1048,0.4173009851947427,0.009615507046682218,46
1049,0.41655954997986555,0.009932842350621222,46
1050,0.17844802886247635,0.009777925018877328,23
1051,0.2242864379659295,0.009874606797950006,27
1052,0.6902586948126554,0.009453010654076168,78
1053,0.155958560295403,0.010195372601388626,20
1054,0.5599406100809574,0.009582347825330581,63
1055,0.7631926201283932,0.00935445276538207,83
1056,0.09227283392101526,0.009771089090384532,14
1057,0.10165559593588114,0.008697295941641849,15
1058,-0.005024975165724754,0.008748692950333054,3
1059,0.5938169723376632,0.009763838237479486,65
1060,0.10142491199076176,0.009545477379659119,15
1061,0.04769643675535917,0.009256505300155014,9
1062,0.3059801375493407,0.008636893805778834,35
1063,0.6954381829127669,0.00839748724668125,76
1064,0.1717057703062892,0.008548551482743182,23
1065,0.1682252250611782,0.007881939303724068,22
1066,0.43922079913318157,0.008350955954155694,50
1067,0.06845501158386469,0.0097317798010984,11
1068,0.020453978329896927,-0.021092832745437908,6
1069,0.1044315304607153,0.009853152869647632,16
1070,0.14184994250535965,0.009608744859431667,19
1071,0.14118596073240042,0.009591423728169823,20
1072,0.08702366519719362,0.009917220274341589,13
1073,0.4863868039101362,0.00976007353396172,54
1074,1.231140485033393,0.00925552801625337,129
1075,0.1243578027933836,0.009537994832184529,17
1076,0.7399346008896828,0.009562936426881627,83
1077,0.2417913256213069,0.009422911259651267,32
1078,0.2321018883958459,0.009796072393662857,30
1079,0.639926603063941,0.009917757258702782,71
1080,0.8053118158131838,0.009862618091667115,86
1081,0.3137854663655162,0.009794338654327916,40
1082,0.4000114593654871,0.009768077831927553,45
1083,0.23819560837000608,0.009956318530422436,31
1084,0.13820407539606094,0.0101209770999012,18
1085,0.9891438018530607,0.010243048622027353,106
1086,0.11278847977519035,0.010060747930203786,16
1087,0.17079794500023127,0.009337987934950434,22
1088,0.24812204390764236,0.010213295950026588,31
1089,0.7079718261957169,0.009562597469427274,75
1090,0.07612502202391624,0.009740473777731731,12
1091,0.011612491682171822,0.009430091636483862,5
1092,0.12328566331416368,0.008314697475164558,17
1093,0.7041948502883315,0.00850767880859738,76
1094,1.113781314343214,0.008573181335427843,121
1095,0.12402936816215515,0.008767251701771717,17
1096,0.30659486167132854,0.00974442997561329,37
1097,0.3082358939573169,0.007769077667354238,36
1098,0.15275717433542013,0.007889197976107092,20
1099,1.4606536524370313,0.007784446247944207,153
1100,0.11531803756952286,-0.022412923737090272,16
1101,0.9174640737473965,0.009219414905637845,98
1102,0.2148818513378501,0.009355261284611595,27
1103,0.24107877165079117,0.009736396576790401,30
1104,0.26052994560450315,0.008853819398206075,31
1105,0.6988103641197085,0.008851663504466607,75
1106,0.2411138592287898,0.009445486755193057,29
1107,0.011547969654202461,0.008376193532913747,5
1108,0.18548482097685337,0.008667958913621134,23
1109,0.12991685513406992,0.00865581620158679,19
1110,0.05360359884798527,0.009414949987835687,10
1111,0.26413861382752657,-0.021488759555739343,31
1112,0.061439803801476955,0.01000181067613503,11
1113,0.7484219158068299,0.010056054609988476,82
1114,0.12528922595083714,0.009829984657714605,17
1115,0.027839395217597485,0.009557995485239503,7
1116,0.17536235135048628,0.01023035033555933,22
1117,0.4518209956586361,0.010259924834442394,54
1118,0.7639009198173881,0.010222872590749846,82
1119,1.2145213363692164,0.010018293701578434,129
1120,0.09398066624999046,0.009870246161727204,14
1121,0.10481005255132914,0.010150836939655431,15
1122,0.2684032265096903,0.0098135224212932,33
1123,0.4123435625806451,0.01029268417634249,46
1124,0.3892975952476263,0.009465576998281275,44
1125,0.029169529676437378,0.009829719274435458,7
1126,0.1959732910618186,0.009099259306652573,24
1127,0.6908002067357302,0.009271641633993475,76
1128,0.21518226899206638,0.008858044502820303,26
1129,0.2905275644734502,0.00980912066192164,34
1130,0.3734334520995617,0.009948955122791264,42
1131,0.2091692117974162,0.009441259296649547,26
1132,0.16711861826479435,0.00904512729639431,23
1133,0.15115617029368877,0.008642065082469754,21
1134,0.3650701539590955,0.009104681368698464,41
1135,1.0276316860690713,0.00934807964820644,110
1136,0.05549732316285372,0.008956944352677904,10
1137,1.3854242665693164,0.00981318858899799,147
1138,0.33696457277983427,0.008841394372859482,38
1139,-0.01351053174585104,0.009557309066070654,2
1140,0.49329766631126404,0.008186211353935196,55
1141,1.0725942980498075,0.007935318571261117,113
1142,0.6914514219388366,0.008795371281819253,76
1143,0.5668355012312531,0.009551543195784988,66
1144,0.9595375983044505,0.008955326076019163,101
1145,0.2603039173409343,0.009023744962600635,33
1146,0.3642319981008768,0.008496760672473434,43
1147,0.2435085279867053,0.008534095978195363,29
1148,0.35637070797383785,0.008630964097606527,40
1149,0.3875584164634347,0.008361941240197665,47
1150,0.6678199665620923,0.008023373106796905,71
1151,0.3470835769549012,0.007719397799215108,39
1152,0.4000282222405076,-0.02215601539731922,48
1153,0.06506894528865814,0.008829776607285858,11
1154,0.11011108011007309,0.008163208875869712,16
1155,0.5570723582059145,0.007978998858614725,61
1156,0.2184918411076069,-0.021181586682659303,26
1157,0.27908615209162235,0.009437610090521279,32
1158,0.13644228130578995,0.009976497448933573,19
1159,0.20580433309078217,0.009747454869180348,26
1160,0.08251853939145803,0.009641257259907816,13
1161,0.39740034844726324,0.00995207748426199,47
1162,0.2692695977166295,0.010636398602794665,33
1163,0.11340069770812988,0.011013854493903933,16
1164,0.09316949918866158,0.009501376357343144,14
1165,0.1261394014582038,0.009972692192572085,18
1166,0.6254042321816087,0.011261044902714892,68
1167,0.12838841322809458,0.010377487356487088,17
1168,0.20617680065333843,0.010404635978586232,25
1169,0.8068901691585779,0.010281370259493158,91
1170,0.34126437827944756,0.009547322760703221,40
1171,1.1588366394862533,0.009995762595386084,123
1172,0.7407201677560806,0.00976764052728864,82
1173,0.8392802197486162,0.010044729106409998,89
1174,0.28571872785687447,0.009897727888509867,35
1175,0.4274367652833462,0.00999670442735674,47
1176,0.053994269110262394,0.009344993122155785,10
1177,0.03672622982412577,0.011064337517070413,8
1178,0.6883293334394693,0.009955350839768225,74
1179,0.36597209610044956,0.008765304852799277,42
1180,0.344443304464221,0.011058828661412435,39
1181,0.5415897378697991,0.009803720704207323,59
1182,0.7401912491768599,0.009541590649343734,79
1183,0.6305017927661538,0.009647698247691983,68
1184,0.0970312962308526,0.010371781017153745,15
1185,0.45770350843667984,0.009254368631884361,53
1186,-0.02176876738667488,0.009789361363324273,1
1187,0.5495120976120234,0.01025334679792872,62
1188,0.32186583057045937,0.00919425010999376,39
1189,0.05623179581016302,0.009460679067564152,10
1190,0.5743926018476486,0.009796288999427171,65
1191,0.21465874835848808,0.008897559093571728,28
1192,0.04729271400719881,0.01017700074130702,9
1193,0.3900409834459424,0.009320883574868002,44
1194,0.07286613527685404,0.008987590619000585,12
1195,0.563517864793539,0.009141248403302217,61
1196,0.5043763797730207,0.008981378501465024,55
1197,0.6008860226720572,0.008988766737279755,65
1198,0.30545572843402624,0.009055769148814202,35
1199,0.07322414871305227,0.009013539972736496,12
1200,0.11843134742230177,0.00905987845945049,16
1201,0.21736983861774206,0.009240386268949147,26
1202,0.4619456436485052,0.009160930757458568,51
1203,0.09524587262421846,0.009215514884144054,14
1204,0.45329246670007706,0.00904589283572785,50
1205,0.39737452007830143,0.009146644896370428,47
1206,0.39853064715862274,0.009348970556926841,45
1207,0.27691499795764685,0.009183670775674035,34
1208,0.3462405102327466,0.0089593360180484,39
1209,0.3537862887606025,0.008900918638288215,40
1210,0.4323327150195837,0.008952657252166056,48
1211,0.39485013019293547,0.008709282906469275,44
1212,0.22520850133150816,0.008805716636788847,27
1213,0.2852820632979274,0.00877089112907119,33
1214,0.5851003592833877,0.008891161343925183,66
1215,0.23788028676062822,0.008321289003029782,28
1216,0.1920211035758257,0.008219204239287285,24
1217,0.1572186080738902,0.008198482816751602,20
1218,0.8007432529702783,0.007942577934128389,85
1219,0.2521237786859274,-0.02214437420856746,30
1220,1.0990358805283904,0.009369633092817105,119
1221,0.08140232414007187,0.009213913998467134,13
1222,0.4607273330911994,0.009645397235911929,51
1223,0.20972377061843872,0.009560758127516033,26
1224,0.5073843039572239,0.009690121531917525,58
1225,0.42356028966605663,0.009468536905538654,51
1226,0.020183563232421875,0.009156046908172037,6
1227,0.0678863450884819,0.009172816732763567,11
1228,0.06504184938967228,0.009318441281763025,11
1229,0.02080119587481022,0.0100648083355682,6
1230,0.6420522555708885,0.009694721243866269,69
1231,0.3525259532034397,0.010167565972306825,44
1232,0.15873275697231293,0.009011408524967863,20
1233,0.21347343362867832,0.008248210255055101,26
1234,0.6938598779961467,0.0074311935409486,74
1235,0.9315024763345718,0.008128771025134072,99
1236,0.18230615928769112,0.007760615991022779,23
1237,0.21807240322232246,0.009171586507010167,26
1238,0.9128513280302286,-0.020897820809820174,99
1239,0.30179825983941555,0.010015401794808662,38
1240,0.21076811850070953,0.009368586107342303,26
1241,0.16840634681284428,0.009837087527999184,21
1242,0.274485819041729,0.009414738438803655,33
1243,0.27984055038541555,0.009999191778850494,33
1244,0.7499677026644349,0.010098987671725516,81
1245,0.4041264671832323,0.007938227852138532,48
1246,0.21988749504089355,0.007765080766404518,27
1247,0.1589573621749878,0.011324489258118745,22
1248,0.36901877634227276,0.009431868797927347,42
1249,0.09707366768270731,0.009742164407399438,15
1250,0.3357590474188328,0.00678908166221774,38
1251,0.3960749339312315,0.009596373283225608,44
1252,0.28305722307413816,0.00892876042083106,36
1253,-0.013520690612494946,0.006771006168417467,2
1254,0.2910965336486697,0.00759269242209697,34
1255,0.7210892550647259,0.006962512226650891,77
1256,0.29855263140052557,0.0086808715958023,36
1257,0.0459342896938324,0.008073227019505882,9
1258,0.2106182686984539,0.00812659536437398,25
1259,0.3932663705199957,0.008256415451928253,44
1260,0.08667936269193888,-0.022248811062730803,14
1261,0.4756012773141265,0.0095219707325086,52
1262,0.20625167060643435,0.009490640517017368,27
1263,0.11600411217659712,0.009534579814307597,17
1264,0.8755568098276854,0.009512053360325533,95
1265,0.11188255529850721,0.009446445587732544,16
1266,0.18541550915688276,0.009462819347042144,24
1267,0.37591711431741714,0.009505860333688127,42
1268,0.06774827651679516,0.009978952755298611,11
1269,0.49293577298521996,0.009973123396572244,55
1270,0.19042030069977045,0.009824877114053297,24
1271,0.10497957561165094,0.009942192957503608,15
1272,0.6014571897685528,0.008906114145268297,66
1273,0.417968331836164,0.009915922658898095,47
1274,0.3055385733023286,0.009749137526459613,39
1275,0.22611323557794094,0.009284607821691975,27
1276,0.5882435562089086,0.009507677342755835,65
1277,0.6222384609282017,0.008968850677717147,70
1278,0.7053178530186415,0.00796089883078127,80
1279,0.06817525532096624,0.007726798524442211,11
1280,0.05507645383477211,0.00816399282330428,10
1281,0.2535963421687484,0.009143180595252142,30
1282,0.5061800759285688,0.008248117501462204,60
1283,0.2004261575639248,0.009210119619716054,27
1284,0.7497867168858647,0.009285596751272301,81
1285,0.42994127608835697,0.007417334112843968,48
1286,0.26688377000391483,-0.02245203372522861,34
1287,0.10368615854531527,0.010015486050399636,15
1288,0.003160088323056698,0.009572927718559473,4
1289,0.4563339436426759,0.009621353147687674,50
1290,0.1130028460174799,0.00992226522606414,16
1291,0.21542057022452354,0.009982555050501099,26
1292,0.2703540716320276,0.008952018416815897,35
1293,0.30712246987968683,0.009414830232488644,35
1294,0.3735434915870428,0.01013658057964373,42
1295,0.27430364955216646,0.009807292936629282,32
1296,0.2571863532066345,0.009405897714207856,30
1297,0.3485940722748637,0.0096957740714094,40
1298,0.4032304873690009,0.010126438370499096,49
1299,0.4106577979400754,0.009938785677582603,46
1300,0.14583653397858143,0.009870156847660126,19
1301,0.053050280548632145,0.009845020934539955,10
1302,1.188686579465866,0.009645925226136711,126
1303,0.06487707141786814,0.00931570671555103,11
1304,0.09696964360773563,0.009769397835134534,14
1305,0.2929820930585265,0.009886687887221886,38
1306,0.40302537754178047,0.00958552940130146,45
1307,0.3280026335269213,0.009991238428825539,40
1308,0.16768826823681593,0.009821555702675646,21
1309,0.8491983935236931,0.009776708249335617,90
1310,0.4011102793738246,0.009605820034280019,45
1311,0.020751860924065113,0.009519253786999466,6
1312,0.10868236608803272,0.009964640272223551,16
1313,0.5971737802028656,0.009554326239501748,68
1314,-0.02177964523434639,0.009616931628322828,1
1315,0.1525336354970932,0.009687925723263937,20
1316,0.11129671055823565,0.009762091909860635,16
1317,0.20377735141664743,0.009964583212686957,25
1318,0.8668658193200827,0.009902556559276446,94
1319,-0.013501685112714767,0.009318291825901192,2
1320,0.17546247318387032,0.011810537243584598,24
1321,0.14251338504254818,0.009785611263223035,19
1322,0.4376256000250578,0.010286988205299715,51
1323,0.9223314290866256,0.010039408292612862,97
1324,0.38435631804168224,0.010176663775892155,43
1325,0.1620362624526024,0.009639474961540183,21
1326,0.35495022498071194,0.009571325607211908,40
1327,0.25727661699056625,0.00892495653370858,32
1328,0.6481859283521771,0.010996542376249308,70
1329,1.2031936710700393,0.010451552313494254,128
1330,0.14394380897283554,0.01014756349929536,19
1331,0.10544483177363873,0.009834949516907431,16
1332,0.27814335096627474,0.010183606562970215,33
1333,1.0544641558080912,0.010099915229469542,112
1334,0.568069483153522,0.010085320163328988,67
1335,0.6143738152459264,0.009473011962906229,69
1336,0.3603597851470113,0.010784531620295,41
1337,0.039251284673810005,0.009590914272548151,8
1338,0.24183696322143078,0.009709351400688864,29
1339,0.06344376318156719,0.010512085887529153,11
1340,0.12126926146447659,0.009923783134621961,17
1341,0.5846661683171988,0.009115118371911519,63
1342,0.3016330758109689,0.008957617125870851,34
1343,0.06506763678044081,0.00983742549044435,11
1344,0.08601282723248005,0.010739575980356372,13
1345,0.047282272949814796,0.010209218212681241,9
1346,0.42734003625810146,0.00889741024368516,50
1347,0.27325727231800556,0.007809157550104849,32
1348,0.4166865637525916,0.007897081789789567,49
1349,0.2555088670924306,0.007110514805749344,30
1350,0.8154005398973823,0.008684636667293733,89
1351,0.6213645301759243,0.00890391878566777,68
1352,0.02017763163894415,0.00942011987688472,6
1353,0.35461445059627295,0.008423064947778428,40
1354,0.3468960113823414,0.007816393019137863,39
1355,0.020743563771247864,0.008929072740741468,6
1356,0.13819050509482622,0.008422805465138223,19
1357,0.17660028394311666,-0.021234777310376863,22
1358,0.04720443766564131,0.0084588062026992,9
1359,0.10613933019340038,-0.021685657108375115,16
1360,0.36832357570528984,0.009531251168951283,41
1361,0.7556889215484262,0.009660528062002084,83
1362,0.6503586573526263,0.009622222992468827,70
1363,0.08710354194045067,0.00959310462292043,13
1364,0.24874261394143105,0.009729232205841105,30
1365,0.4734213352203369,0.009900917698134186,52
1366,0.6845659967511892,0.009737201235503532,79
1367,0.7236928818747401,0.00972696570620888,77
1368,0.01990076992660761,0.009845377410545562,6
1369,0.4275613632053137,0.00969822605881679,48
1370,0.05443222355097532,0.010134569713511263,10
1371,0.17465626634657383,0.009533594321522912,22
1372,0.0749071380123496,0.009274211875400134,12
1373,0.5326269017532468,0.00995377460721959,58
1374,0.48895323276519775,0.009408662423005087,54
1375,0.13470328133553267,0.009385450897671848,18
1376,0.1659169802442193,0.009495232633245967,21
1377,0.08934323862195015,0.009440203444919698,13
1378,0.5540272882208228,0.009001337838828666,60
1379,0.028558735735714436,0.00896958770841204,7
1380,0.12988673895597458,0.008786787888326235,18
1381,0.06359365209937096,0.009840416526788225,11
1382,0.6986284144222736,0.008581430407033174,75
1383,0.13117609452456236,0.007122425264153555,18
1384,0.2434309395030141,0.008319139821599441,29
1385,0.40049493592232466,0.008780208812653829,48
1386,0.3798358552157879,0.008707152325041134,48
1387,0.2767986785620451,0.008365933680934787,32
1388,0.6700467150658369,0.007416453387244929,73
1389,0.26741201616823673,0.009568293387286363,33
1390,0.08170574251562357,-0.021229704512415196,13
1391,0.8945130994543433,0.010312322864968112,97
1392,0.2116088978946209,0.009665914480261656,26
1393,0.6880977423861623,0.009762921662043277,76
1394,0.23966186493635178,0.009566281178270677,28
1395,0.07919982820749283,0.010412229998341429,12
1396,0.6149973655119538,0.009796236128472073,67
1397,0.4966162331402302,0.01061313628964338,56
1398,0.2951482720673084,0.010012085134611281,34
1399,0.8924095565453172,0.010249076161760275,97
1400,0.4247137662023306,0.011591748124940545,50
1401,0.039383551105856895,0.010517348493237535,8
1402,0.28395265713334084,0.009313670908315766,36
1403,0.07589502539485693,0.010867505525013466,12
1404,-0.02176652103662491,0.011535957440277193,1
1405,0.326624752022326,0.009042830018118425,38
1406,0.13097938615828753,0.009411750055068356,18
1407,0.1251340452581644,0.010509766132524443,17
1408,0.3829647358506918,0.009707895774235554,45
1409,0.25621909461915493,0.009657515541215635,30
1410,0.029742849990725517,0.009384109702643193,7
1411,0.6724850675091147,0.009661030945227791,74
1412,0.08287454582750797,0.009557966722368765,13
1413,0.3182098986580968,0.009583888622143906,36
1414,0.14521116111427546,0.009482461347759766,19
1415,0.13916287571191788,0.010223022147457891,20
1416,0.30442074313759804,0.009690230819929903,35
1417,0.09793897904455662,0.00941261496124183,15
1418,0.10473816748708487,0.00932551794151255,15
1419,0.055322748608887196,0.009246732093713425,10
1420,0.15949349850416183,0.009439901061134794,21
1421,0.3422709330916405,0.009122061582648507,39
1422,0.4808108415454626,0.008454419727369891,55
1423,0.13437383901327848,0.009831166897765167,19
1424,0.13311755750328302,0.009074523066165135,18
1425,0.019821993075311184,0.008547440785329544,6
1426,0.7351392228156328,0.009062234678126257,80
1427,0.21776818949729204,0.007723069547602161,26
1428,0.31385223753750324,0.008480554169424287,36
1429,0.6824111454188824,0.007059613466036667,73
1430,0.1797836236655712,-0.02285143693960014,22
1431,0.5017082467675209,0.009357961178783333,57
1432,0.5138383330777287,0.009338829523786984,56
1433,0.02028566785156727,0.009315534171878949,6
1434,0.3423688095062971,0.009300335740436833,39
1435,0.16826081275939941,0.008788725855196425,22
1436,0.05446768365800381,0.009151414100700379,10
1437,0.02813515905290842,0.009713512535621981,7
1438,0.4674712121486664,0.01005598286165687,52
1439,0.5516977841034532,0.00979850057723771,61
1440,0.46537677757442,0.010163065680258184,51
1441,0.5715245800092816,0.009830569436054325,63
1442,0.33245579432696104,0.00970327284300531,40
1443,0.2467493349686265,0.009266517520316282,29
1444,0.8213135339319706,0.009705006912759037,89
1445,0.652421360835433,0.009811610940841464,71
1446,0.5946424985304475,0.00934762102251017,68
1447,0.2872876850888133,0.009635439617828239,33
1448,0.5234606163576245,0.009675537965020251,59
1449,0.6271534264087677,0.00952936212553737,68
1450,0.4315442144870758,0.009305559411196993,48
1451,0.18316294718533754,0.00960674595977665,23
1452,0.30684405006468296,0.009239087142947399,35
1453,0.381280685774982,0.00960435753797802,43
1454,0.7534709582105279,0.009041386604337844,83
1455,0.1757123228162527,0.009135687286642871,23
1456,0.18836460821330547,0.00931224660232354,25
1457,0.5383653864264488,0.009349783626197407,60
1458,0.09537794999778271,0.00886727853576321,15
1459,0.10785777773708105,0.0087375380626624,16
1460,0.7233323575928807,0.009533033154529772,77
1461,0.02039988897740841,0.008222223615019954,6
1462,0.057463040575385094,-0.021152466925180483,10
1463,0.09925991389900446,0.010026966495499718,15
1464,0.22425809316337109,0.0098313832632912,27
1465,0.1191892633214593,0.0098455662778624,17
1466,0.019934209063649178,0.009769746794328378,6
1467,0.37740073818713427,0.010420140287560973,43
1468,0.17533719073981047,0.01015846439054552,24
1469,0.05782956816256046,0.010650312368457069,10
1470,0.12449217587709427,0.009789811821221002,17
1471,0.08381290175020695,0.010193849932973398,13
1472,0.10504725761711597,0.009529292742227472,15
1473,0.46342608518898487,0.009697612833295902,51
1474,0.2153339022770524,0.009452917932023564,26
1475,0.2370685711503029,0.01009316572017559,30
1476,0.7880289182066917,0.009930834086552806,86
1477,0.13623313046991825,0.009259894226957464,18
1478,-0.013492089696228504,0.00936118242520108,2
1479,0.2083691507577896,0.009355874128675798,26
1480,0.15500620286911726,0.00994854186896035,21
1481,0.85068404302001,0.0081445598387867,90
1482,0.10555553250014782,0.00923041235813798,15
1483,1.9139101337641478,0.008176145267737583,198
1484,0.44070649333298206,0.009636509182268624,49
1485,0.266363182105124,0.010241673898810885,31
1486,1.382783379405737,0.009333523006468222,146
1487,0.23614106234163046,0.008493469456022244,28
1488,0.3778063300997019,0.008373673564022011,46
1489,0.753827067092061,-0.023011946421559005,84
1490,0.44376942701637745,0.010289147420184363,51
1491,0.13131427764892578,0.009082012335898686,19
1492,0.06536777038127184,0.009525572351316637,11
1493,0.25129537004977465,0.00941276031081434,30
1494,0.1768814790993929,0.009782533151954168,22
1495,1.199758255854249,0.009545338141082362,125
1496,0.6555667640641332,0.009712979993668837,73
1497,0.4106276724487543,0.00937148543296001,50
1498,1.1342370370402932,0.009249862864568886,119
1499,0.14513089507818222,0.009456733683979904,19
1500,0.3457934884354472,0.009455797752679906,42
1501,0.3860921412706375,0.009874692596111366,46
1502,0.5046980297192931,0.009364765280210456,55
1503,0.2535008480772376,0.010901967135066457,30
1504,0.020413320511579514,0.00835302526591224,6
1505,0.19877840392291546,0.007278160438302568,24
1506,0.08520309254527092,0.00701573007795651,13
1507,0.21333821024745703,0.008781632543450265,28
1508,0.0943816201761365,0.006412604770460699,14
1509,0.10606406256556511,0.009310596021224426,16
1510,0.43540965765714645,-0.02215787082859672,48
1511,0.039173563942313194,0.008717998683743695,8
1512,0.2854705909267068,0.008587797464790074,33
1513,0.13133165705949068,0.009172115210416925,18
1514,0.1236251313239336,0.008345212454760694,17
1515,0.18813310377299786,0.008466520922496392,24
1516,0.20859618484973907,0.008312163055579014,25
1517,0.3927091285586357,-0.02178139377087735,44
1518,0.1265160869807005,0.009347209268705829,18
1519,0.2951450478285551,0.009146768546989108,34
1520,0.058673576451838017,0.009169521739380201,10
1521,0.15126880537718534,0.009269740530705657,20
1522,0.5233079129830003,0.009312661930602146,57
1523,1.2043321300297976,0.009242975732480436,127
1524,0.12494141887873411,0.008735520881153284,18
1525,0.6172206914052367,0.009211901583554517,71
1526,0.465689848177135,0.00938491440847449,51
1527,0.21121105179190636,0.009245711082669106,26
1528,0.03721798397600651,0.00900763798302238,8
1529,0.31680383812636137,0.009182479304748869,39
1530,0.3955888608470559,0.0093330080167529,44
1531,0.18289426248520613,0.009355323853047002,25
1532,0.18570602405816317,0.00909437628422966,24
1533,0.12591904494911432,0.008025725381295866,17
1534,0.06710383854806423,0.008770928942581104,11
1535,0.5900533506646752,0.009076178970612834,64
1536,0.3957113903015852,0.009182578132195448,44
1537,0.11960592120885849,0.008806764038099402,17
1538,1.0482299560680985,0.008720906029523932,111
1539,0.4102749712765217,0.008963283686649712,49
1540,0.48928217217326164,0.008927215213722983,54
1541,0.8466450618579984,0.008707294627314786,90
1542,0.4970596209168434,0.008759994062989048,55
1543,0.3154850220307708,0.009067008380541641,36
1544,0.4563442151993513,0.008633649161130921,51
1545,0.2566601326689124,0.009322004832748232,30
1546,0.0584689024835825,0.00848683185355835,10
1547,2.232771319337189,0.008540373331148652,230
1548,0.10515478998422623,-0.022229520275478292,15
1549,0.38151304330676794,0.00941794746456534,43
1550,0.3001317949965596,0.009528817165791638,38
1551,0.40843867789953947,0.009189003498064651,45
1552,-0.013499271124601364,0.009305393679632177,2
1553,0.2605837360024452,0.009136630572146283,31
1554,0.3163107205182314,0.009306226074429436,36
1555,0.5521261477842927,0.009120671058777086,61
1556,0.8212870648130774,0.009212884877349146,88
1557,0.42108727153390646,0.009370009348824097,50
1558,0.3206957019865513,0.00907552142091727,40
1559,0.08487884979695082,0.009357190528516739,13
1560,0.12768555339425802,0.00904557577244652,17
1561,0.25500079803168774,0.009339699747924184,30
1562,0.8821092965081334,0.009148989021760966,95
1563,0.48145838640630245,0.00884560874012369,53
1564,0.40289172437042,0.009228566302462746,47
1565,0.8284918665885925,0.009677029964027029,88
1566,0.07295926753431559,0.008927478615463976,12
1567,0.23984430823475122,0.008617926969158769,30
1568,0.3020141636952758,0.008556888927745107,35
1569,0.34537400119006634,0.008974156379182713,39
1570,0.19473120290786028,0.009072335528595548,24
1571,0.35804036911576986,0.007713603141281331,40
1572,0.40395321510732174,0.008841876877307496,45
1573,0.25359803903847933,0.008212334671569186,30
1574,0.3770699258893728,0.007980165208855637,46
1575,0.11254856921732426,0.0077277460042893,17
1576,0.16604982130229473,-0.022186881708976564,21
1577,0.08547678496688604,0.009829253531294192,13
1578,0.307788722217083,0.010050836157522112,35
1579,0.0660393824800849,0.010163134479251856,11
1580,0.6954144416376948,0.009995127478095205,75
1581,0.029532479122281075,0.010037239318201718,7
1582,0.14735176786780357,0.010199828229926326,19
1583,0.11966454051434994,0.009801322064204396,17
1584,0.04589454550296068,0.009635299774257403,9
1585,0.03705976437777281,0.010124479003354992,8
1586,0.44778531044721603,0.009576387213050092,54
1587,0.1817753305658698,0.010059253964392887,23
1588,0.3020324045792222,0.009510948471938804,35
1589,0.19410552829504013,0.009785251326807673,26
1590,0.23491514194756746,0.009506638780468845,28
1591,0.09389439690858126,0.009778297815519841,14
1592,0.5160849513486028,0.008890313526602163,57
1593,0.30063523910939693,0.010539119649779301,38
1594,0.41942433919757605,0.010025698863486872,47
1595,0.29157829005271196,0.009861740724232088,34
1596,0.2896800832822919,0.008757820326929141,34
1597,0.1319009456783533,0.008695482990482365,18
1598,1.0252979714423418,0.009343893987963993,109
1599,0.05556364730000496,0.009907608993960867,10
1600,0.6772693302482367,0.009544766779182827,72
1601,0.08568908553570509,0.008654549707573329,13
1602,0.7353110359981656,0.009757594977943193,78
1603,0.6094969334080815,0.008772552908541736,66
1604,0.6579460091888905,0.00888919650518618,72
1605,-0.005131188780069351,0.009505653426322366,3
1606,0.24818061757832766,0.00910161071279485,29
1607,0.06285687163472176,0.009245153783902876,11
1608,0.47062335815280676,0.008426944929696784,54
1609,0.5013299500569701,0.007004043950487825,55
1610,0.10469219367951155,-0.022199191394625648,15
1611,0.6582871275022626,0.00984059820379239,72
1612,0.4340102197602391,0.009890873606737167,48
1613,0.20271685533225536,0.009865223348458447,25
1614,-0.0052397167310118675,0.00996329331046176,3
1615,0.1728793503716588,0.00968222601744528,22
1616,0.8288965495303273,0.010175629888551965,91
1617,0.38869661279022694,0.008995346426434361,44
1618,0.30110517609864473,0.009942176078743214,36
1619,0.06641532853245735,0.009837173092234093,11
1620,0.5707858940586448,0.010146986672203581,62
1621,0.4144240189343691,0.010069041741609122,46
1622,0.21392130851745605,0.010137676980745736,26
1623,0.10110303293913603,0.01044616174639613,15
1624,0.2983969319611788,0.010324627071201763,35
1625,0.47113453410565853,0.00858328145158222,54
1626,0.3428007634356618,0.010834664761944566,39
1627,0.46425424329936504,0.009648026283031854,56
1628,0.32121313735842705,0.00905887908934844,37
1629,0.2747261906042695,0.00948242632318266,32
1630,0.28297705948352814,0.00953700739122209,33
1631,0.168427892960608,0.009415905722666356,21
1632,0.3516195397824049,0.009690749102879582,40
1633,0.1777376076206565,0.009843248637648214,23
1634,0.2854803027585149,0.009801663795169654,33
1635,0.09411454107612371,0.009656068417942896,14
1636,0.2522967513650656,0.009224820164345102,33
1637,0.19086927641183138,0.00943347532701056,25
1638,0.5612936532124877,0.009467473291270644,61
1639,0.09918843023478985,0.009254548247979284,14
1640,0.6700637489557266,0.009482613076031612,72
1641,0.07901282887905836,0.009539595650700254,13
1642,0.625183361582458,0.009105169442287488,68
1643,0.6800256837159395,0.00938898698576775,73
1644,0.1583505067974329,0.00965027180970008,20
1645,0.1253728475421667,0.009611071683919711,17
1646,0.5213872380554676,0.009763708924246082,57
1647,0.48852255661040545,0.01031804133488888,56
1648,0.2159131085500121,0.00939117277877039,26
1649,0.7238877462223172,0.009667774678803124,79
1650,0.11480952892452478,0.009821403228936598,17
1651,0.02020540926605463,0.00861594353473429,6
1652,0.239695867523551,0.0086321518435872,29
1653,0.12341417465358973,0.009986579422011532,17
1654,0.3762074448168278,0.009603032990903237,42
1655,0.4166290080174804,0.009841544820566085,51
1656,0.43144460022449493,0.009708833422295112,48
1657,0.021117796190083027,0.009578987347705738,6
1658,0.12931676115840673,0.009637998514269228,19
1659,0.5240546111017466,0.009474989062899144,61
1660,0.33236933778971434,0.009697108715724932,38
1661,0.4849203759804368,0.009561982822192866,55
1662,0.6066484469920397,0.009533429427582125,65
1663,0.06528948340564966,0.009692204930580805,11
1664,0.22033425606787205,0.009556611789699005,26
1665,0.27771591022610664,0.009530280884129915,32
1666,0.3429652340710163,0.009322607902794192,39
1667,0.08686794713139534,0.00933386700784838,13
1668,0.7726468006148934,0.009554805735297984,82
1669,0.3728668326511979,0.009681216184262237,42
1670,0.46931547299027443,0.010377585091748201,52
1671,0.8117773709818721,0.007544628972626402,86
1672,0.08762692660093307,0.008651934089998925,13
1673,0.5616639629006386,0.009154620146753048,62
1674,0.011220457963645458,0.007680724952225794,5
1675,0.6171656548976898,-0.022504787524182873,67
1676,0.08401551097631454,0.009879048669748144,13
1677,0.26732761040329933,0.01011526071835373,31
1678,0.7845732094720006,0.01007446441347851,88
1679,0.20087402779608965,0.009938163257554603,25
1680,0.573700487613678,0.00994601181933877,65
1681,0.20472355466336012,0.009223360275645085,25
1682,0.25702245254069567,0.009564315031491362,31
1683,0.11275880038738251,0.009794439666133121,17
1684,0.7786963554099202,0.009802427389046726,84
1685,0.2906894274055958,0.009837245961146851,34
1686,0.028934055007994175,0.00997844464691367,7
1687,0.3123774975538254,0.010243294753926496,36
1688,0.8277294300496578,0.010414091512315135,88
1689,0.04793601110577583,0.00984901927234541,9
1690,0.13481656461954117,0.009682697835879356,18
1691,0.6582297161221504,0.010401976023316729,72
1692,0.30354309920221567,0.009794925624350971,35
1693,0.2667057169601321,0.010301893267969896,31
1694,0.2058686949312687,0.009818429301448989,25
1695,1.3416502038016915,0.009790976785611583,142
1696,1.0829196199774742,0.01003882301171183,116
1697,0.36569288466125727,0.009834784324689018,41
1698,0.11705046705901623,0.010015772983093,17
1699,0.2956691272556782,0.010649658661324158,34
1700,0.20074371714144945,0.010259587992956986,26
1701,0.9982463335618377,0.01000419514887494,105
1702,0.19813903607428074,0.009830235855926933,25
1703,0.15618202649056911,0.010319700057369919,20
1704,0.22518314886838198,0.009856216837359846,27
1705,0.4898308403789997,0.009697216406707843,54
1706,0.11195294372737408,0.009895734035165412,16
1707,0.046561142429709435,0.009686492001056984,9
1708,0.038188762962818146,0.009554223016382856,8
1709,0.5687526715919375,0.009753374915743795,66
1710,0.06246666889637709,0.009871545412807319,11
1711,0.20228237379342318,0.010342799822238055,26
1712,0.11942004784941673,0.010292661898244527,16
1713,0.04661130905151367,0.009747698316352502,9
1714,-0.005207747220993042,0.009266401530740627,3
1715,0.33566110767424107,0.010334345970379641,38
1716,0.16463298629969358,0.009616218487717607,21
1717,0.0033448440954089165,0.009981647362900652,4
1718,0.7432467127218843,0.010179781335706916,80
1719,0.2713474426418543,0.009697960666762538,34
1720,0.43918123096227646,0.009910529773059944,49
1721,0.46360225789248943,0.009706587558810447,56
1722,0.21712329145520926,0.009569677701620878,26
1723,0.6614562198519707,0.009616369783737427,73
1724,0.5095606381073594,0.009343249290955091,57
1725,0.12795419339090586,0.010260615567583925,17
1726,0.05455846153199673,0.01074822384685037,10
1727,0.20496499352157116,0.009926957338407049,25
1728,0.019597473554313183,0.00871762106152162,6
1729,0.23464225605130196,0.009795519268087041,28
1730,0.0845809318125248,0.009577851387876979,13
1731,0.3029408250004053,0.009970886156345456,36
1732,0.20172388199716806,0.010117384814377484,25
1733,0.20154195465147495,0.009966549114996939,27
1734,0.37287652492523193,0.008984417618003311,44
1735,0.7333213239908218,0.00990555006787696,80
1736,0.42152344807982445,0.009092571343699273,49
1737,0.6986460164189339,0.009744252312889098,75
1738,0.2440046612173319,0.00992887123836469,29
1739,0.4457859471440315,0.008831040122977077,49
1740,0.02026666421443224,0.009520469170430349,6
1741,0.35107860527932644,0.009301024301204205,44
1742,0.3124085729941726,0.010873394331553127,38
1743,0.38546007312834263,0.010078180070705179,45
1744,0.6416448252275586,0.009072725733482162,72
1745,0.21030192263424397,0.009088624851967854,26
1746,0.2254676017910242,0.009475135189012468,27
1747,0.5382968941703439,0.009146612420569848,59
1748,0.04455370083451271,0.009564052052177042,9
1749,0.2411965075880289,0.008359995035251299,29
1750,0.05395890958607197,0.008131330684923315,10
1751,0.2233323510736227,0.009737640126033368,27
1752,0.3201653929427266,0.006949977060334769,40
1753,0.30877875722944736,0.008497820657684584,36
1754,0.2750662472099066,0.007474248520752009,32
1755,0.7857860988005996,-0.02286849991970403,85
1756,0.17274634074419737,0.009393225167634562,23
1757,0.3274309718981385,0.010231012504659256,37
1758,0.2717424603179097,0.010029778133584785,34
1759,0.12285879999399185,0.009576558722348688,17
1760,0.7461810437962413,0.009142594896658503,80
1761,0.06502015609294176,0.00957362327775875,11
1762,0.2659952202811837,0.00948012433124531,32
1763,0.5352321472018957,0.0096189133230349,59
1764,0.7700585750862956,0.008918237213388115,82
1765,0.37205304484814405,0.009527012143812259,42
1766,0.4684096481651068,0.00820783264789333,52
1767,0.24623673036694527,0.009620924608489356,29
1768,0.1449423348531127,0.009680265024890083,20
1769,0.34164383728057146,0.008246398451217675,42
1770,0.7413621172308922,0.00744414753869465,81
1771,0.10481976810842752,0.008163964881004883,15
1772,0.2673788033425808,0.009485224796215745,31
1773,0.2317200917750597,0.009517433523229075,28
1774,0.39630721416324377,0.009546154081141314,44
1775,0.4043473470956087,0.00999352005018088,45
1776,0.41166110150516033,0.009154652856043848,46
1777,0.5486216312274337,0.009555504348622634,60
1778,0.25585989840328693,0.0099821438733096,30
1779,0.43308515567332506,0.009944986084241218,51
1780,0.13506914302706718,0.009925180805913036,18
1781,0.3903589202091098,0.009978765003985056,47
1782,0.4398294473066926,0.009999904110856966,52
1783,0.08136562071740627,0.009531700639504545,13
1784,0.16461418103426695,0.009939338138418682,21
1785,-0.021757882088422775,0.01036695139560306,1
1786,0.9093475509434938,0.009738264943038507,97
1787,0.05575807299464941,0.008590710976401204,10
1788,0.7905016113072634,0.009364838729719618,88
1789,0.9589664675295353,0.010505913611152419,102
1790,0.20851558446884155,0.010270923742700087,25
1791,0.37448045518249273,0.00845830187994222,46
1792,0.1023723091930151,0.009128791884775347,15
1793,0.32554191909730434,0.008817453856455373,40
1794,0.36605094093829393,0.009328675905440294,45
1795,0.4864473482593894,0.008667802181700268,55
1796,0.23395446315407753,0.006471483624798446,29
1797,0.4115197518840432,0.007991105887781041,46
1798,0.26627467665821314,-0.02040768101293283,31
1799,0.3070667339488864,0.009900776884642904,35
1800,0.17292070295661688,0.00948400962255787,22
1801,0.0654493710026145,0.009409255390878592,11
1802,0.21345858182758093,0.009506038927079687,26
1803,0.14963393192738295,0.009423385413595083,20
1804,0.44098038878291845,0.009295129195855163,49
1805,0.42668231669813395,0.009258602378825753,47
1806,0.15366484597325325,0.008935355554861775,20
1807,0.195848916657269,0.008330552480327703,26
1808,0.25600421987473965,0.007836572670083282,30
1809,0.22205320373177528,0.010154096896582261,27
1810,0.2743523642420769,0.009873146339896659,32
1811,0.2562626637518406,0.007957428583504182,30
1812,0.3368910225108266,0.00992611117794747,38
1813,0.22165544424206018,0.010234152811421943,29
1814,0.0471255574375391,0.005974922299733324,9
1815,0.4606910878792405,-0.020697506874660928,56
1816,0.1806921074166894,0.009254543785019522,23
1817,0.5653832415118814,0.008798180944555535,61
1818,0.13620270881801844,0.008869021335569778,18
1819,0.13359309453517199,0.009101055513570036,19
1820,0.18322265800088644,0.008785575437947113,23
1821,0.5116040846332908,0.009016764306915403,57
1822,0.30480522103607655,0.008782754655858373,35
1823,0.4469272131100297,0.009109712992684626,49
1824,0.21261309552937746,0.009300844218739487,26
1825,0.4047359758988023,0.009330333334877261,45
1826,-0.005044801160693169,0.00862711817629474,3
1827,0.8259765906259418,0.008734918308548044,89
1828,0.05521390214562416,0.008767970113487953,10
1829,0.29564895015209913,0.008632506135024868,34
1830,0.09541763830929995,0.008818306557869115,15
1831,0.26597581058740616,0.009168021668252958,32
1832,0.3119318950921297,0.00866995214796633,36
1833,0.29318219888955355,0.008053750979555739,38
1834,0.2306020762771368,0.008522035983828632,28
1835,0.1528418054804206,0.008311722132814696,20
1836,0.11449063662439585,0.008224600189300614,16
1837,0.2677874369546771,-0.0216657318708697,31
1838,0.05620259139686823,0.009413921280258015,10
1839,0.07260571047663689,0.008861796541001839,12
1840,1.6947488253936172,0.009118739010986568,178
1841,0.6289783837273717,0.00928210936945656,69
1842,0.24089101795107126,0.009365106810077517,29
1843,0.19355473387986422,0.0093717323168034,26
1844,0.03728626389056444,0.0064220724945781675,8
1845,1.073769524693489,0.00866282135727916,114
1846,0.09857839997857809,0.009196557597975618,14
1847,0.18472013901919127,0.009332533132634024,23
1848,0.18369576707482338,-0.023043406677556794,25
1849,0.4337300918996334,0.009419536057702127,49
1850,0.4882965162396431,0.009359194460925497,54
1851,0.011655538342893124,0.00794280817657175,5
1852,0.09453251119703054,0.008886965537681712,14
1853,0.380888051353395,0.009086237743297946,47
1854,1.2069798335433006,0.010175518555002976,128
1855,0.6359497709199786,0.008345508913666939,68
1856,0.1506567895412445,0.008508204936599366,21
1857,0.37888505682349205,0.008661549719066991,44
1858,0.1322778007015586,0.008515860563570303,18
1859,0.32232684921473265,0.00734071041549381,39
1860,-0.005217215046286583,-0.02322395383666144,3
1861,0.07688888814300299,0.009741090557132943,12
1862,0.14643143769353628,0.008982081212868913,19
1863,0.5293732099235058,0.009727756675931423,58
1864,0.34600543044507504,0.009801644531634504,39
1865,0.5441961362957954,0.009933577534442127,59
1866,0.1780834998935461,0.009641876263211537,22
1867,0.5802447497844696,0.009345206416831613,65
1868,0.3640627097338438,0.009948091068966165,45
1869,0.3275209730491042,0.008971759733749723,40
1870,0.0032509174197912216,0.008263231270946287,4
1871,0.17400721367448568,0.009480643430735954,22
1872,0.3400858147069812,0.008249822973265432,39
1873,0.497057544067502,0.008799983310758494,57
1874,-0.00503053143620491,0.009684817927640744,3
1875,0.2447950942441821,0.012103246570368034,29
1876,0.3114040968939662,0.006331515391678436,36
1877,0.4163645142689347,0.008071464277031907,46
1878,0.2964811362326145,0.008891997119113603,34
1879,0.6467457013204694,0.010283485888968153,70
1880,0.21357320621609688,-0.0205765062035188,26
1881,0.46917149145156145,0.010075809653229566,52
1882,0.5766483107581735,0.009915379921478285,65
1883,0.1219079727306962,0.00935486541671029,17
1884,0.12313919607549906,0.010378466321990904,17
1885,0.07362942956387997,0.009469476265033288,12
1886,0.34476726595312357,0.009918725673481144,39
1887,0.11752822156995535,0.010095774951773398,16
1888,0.08664798736572266,0.010315046005148851,13
1889,0.38514874316751957,0.010102013068287312,44
1890,0.12269365973770618,0.00990494340653399,18
1891,0.3538774773478508,0.010532749094788678,40
1892,0.6586944852024317,0.01055715428178631,71
1893,0.2716561397537589,0.010043855160231614,32
1894,0.06734829023480415,0.011093626884204531,11
1895,0.1952088037505746,0.010060959878528387,25
1896,0.16657511610537767,0.009914695753613173,22
1897,0.5955357290804386,0.011312920510047115,65
1898,0.1866196859627962,0.010906096190914252,24
1899,-0.013510663993656635,0.010004540131736277,2
1900,0.21219182386994362,0.010154287493099337,26
1901,0.41839640587568283,0.009962817782265003,47
1902,0.07384711038321257,0.009857230707801442,12
1903,-0.02175937034189701,0.009955592055856775,1
1904,0.6463792743161321,0.00962662745324546,70
1905,0.3262702375650406,0.010217717548896702,37
1906,0.4551605498418212,0.009750138869240381,50
1907,0.2770204171538353,0.010020649578461905,35
1908,0.122153933160007,0.01010385475536587,18
1909,0.762825665064156,0.009920388126337257,84
1910,0.038164922036230564,0.009861526580185787,8
1911,0.14664334524422884,0.009383380028587608,20
1912,0.02028023824095726,0.010070891778183823,6
1913,0.5953859211876988,0.00995145562902408,67
1914,0.18680433183908463,0.010141744203103339,23
1915,0.5289316978305578,0.01056820372414913,61
1916,0.3571825232356787,0.009815922684138221,41
1917,0.24481163825839758,0.009773877172718454,29
1918,0.303606228902936,0.009286018029275802,35
1919,0.4082988789305091,0.00903145860816855,48
1920,0.34388025756925344,0.009749533705507052,40
1921,0.36137524154037237,0.009535285117947241,43
1922,0.2557923784479499,0.009912175244584464,30
1923,1.3349196491762996,0.009193369852404421,141
1924,0.3542004143819213,0.009128745220895969,44
1925,0.02818724699318409,0.009703701802693953,7
1926,0.819841961376369,0.009902095365695807,87
1927,0.1979294242337346,0.008966696534804138,26
1928,0.03718348499387503,0.009315894503513812,8
1929,0.4736202284693718,0.008196537729704089,52
1930,0.0840454138815403,0.009346781536468689,13
1931,0.34834218956530094,0.008542652244360955,39
1932,0.29199950583279133,0.008324454704351985,37
1933,0.3874639021232724,0.00887940106109907,47
1934,0.3695248467847705,0.008936241994204248,45
1935,0.4803891107439995,0.009626795172605918,58
1936,0.2825601929798722,0.01010751875348833,34
1937,0.29371905140578747,0.00843302648035836,34
1938,0.04881288018077612,0.007353612955892895,9
1939,0.32565327547490597,-0.023286660206162327,41
1940,0.5514808855950832,0.009441807884563731,62
1941,0.15107773710042238,0.010044452321767833,20
1942,0.13661696389317513,0.008568202866472804,18
1943,0.7012866176664829,0.011031181201029396,75
1944,0.21472203824669123,0.00991176241147513,26
1945,0.40237367153167725,0.009871256522158858,45
1946,0.6837106989696622,0.00965070892635598,73
1947,0.0871422030031681,0.009814180857783208,13
1948,0.23970465641468763,0.009667408298275185,31
1949,0.7872613985091448,0.009658668389391898,85
1950,0.10121611878275871,0.00978983851795413,15
1951,0.10587859433144331,0.010008397786533648,15
1952,0.30749455746263266,0.009686669945996743,35
1953,0.1728203659877181,0.009829492501863678,22
1954,0.5167067991569638,0.009649314837512944,59
1955,0.13616736885160208,0.00999708667574066,18
1956,0.029980172403156757,0.009594632662795269,7
1957,0.76219292730093,0.00946341515428435,83
1958,0.427750033326447,0.00978283393939599,47
1959,0.31729582976549864,0.009484923354705495,36
1960,0.06484470795840025,0.009848120086765194,11
1961,0.2492381352931261,0.009691932543009677,29
1962,0.351752121001482,0.009439833700996249,43
1963,0.3369912365451455,0.009633575005663576,38
1964,0.10221264977008104,0.008760523061755978,15
1965,0.7498870510607958,0.00940474531736595,80
1966,0.424126329831779,0.008286718146504616,49
1967,0.5145384902134538,0.009069366012323771,56
1968,0.1661228947341442,0.01001613643482934,23
1969,0.06171590741723776,0.009035846191608306,11
1970,0.260288012214005,0.008936050434886097,31
1971,0.5230092564597726,0.00903173571158626,60
1972,0.14791336469352245,0.009453951722355256,20
1973,0.03826133906841278,0.008703314790185296,8
1974,0.10501278284937143,0.008725284865182798,15
1975,0.08568272273987532,0.009195396581983208,13
1976,0.1952438009902835,0.008413228525158488,24
1977,0.2689030645415187,0.009494326986151571,31
1978,0.27620808500796556,0.007897720054306428,32
1979,0.5248938789591193,0.008883844586905616,57
1980,0.22688365634530783,0.007536211783368652,27
1981,0.13545018434524536,-0.022074140638185052,19
1982,0.560217191465199,0.010240427628560075,61
1983,0.2936084559187293,0.0099264889701724,36
1984,0.3172724833711982,0.01005637251920172,36
1985,0.20931942109018564,0.009939481565483424,25
1986,0.6432404741644859,0.00959992263645659,71
1987,0.11763808503746986,0.009351980358686172,17
1988,0.2812106730416417,0.010923085916027989,36
1989,0.15048867091536522,0.009916845975550008,20
1990,0.14375500660389662,0.010017002628138176,19
1991,1.3388531096279621,0.009923225559811502,142
1992,0.719615776091814,0.009212001880643429,77
1993,0.4782315930351615,0.01112352589213505,55
1994,0.2207462154328823,0.008751351319144663,28
1995,0.13621501438319683,0.010373141763268735,18
1996,0.054652052000164986,0.010299576515311893,10
1997,0.6753807906061411,0.007207181747370244,75
1998,0.4095257045701146,0.011157733342172719,46
1999,0.07749077677726746,0.012383519273456874,12
